== cal_tp0_n100_slot4_lid3_seq7934.pt T=7934 A=3968 n=8 idx-qpos offset=[-1, 95] archived mass p50/p90=0.292/0.405 need p90/max=4/5
  proxy     crit           zp  fire50  fire90 firemax fired/oracle
  sketch    max          1.03       8      16      17          nan
  sketch    mass0.05    12.16    3941    3967    3967         1.21
  sketch    mass0.01    13.21    3967    3967    3967         1.05
  idx_tok   max        165.83      18      31      35          nan
  idx_tok   mass0.05   361.97    3832    3967    3967         1.19
  idx_tok   mass0.01   370.17    3943    3967    3967         1.04
  idx_pool  max        101.70      12      19      21          nan
  idx_pool  mass0.05   345.39    3967    3967    3967         1.22
  idx_pool  mass0.01   353.80    3967    3967    3967         1.05
== cal_tp0_n101_slot4_lid35_seq7934.pt T=7934 A=3966 n=8 idx-qpos offset=[-1, 95] archived mass p50/p90=0.236/0.481 need p90/max=2/3
  proxy     crit           zp  fire50  fire90 firemax fired/oracle
  sketch    max          1.63       2      11      26          nan
  sketch    mass0.05    12.62    3528    3948    3965         1.80
  sketch    mass0.01    14.84    3946    3965    3965         1.24
  idx_tok   max         40.95       5      14      29          nan
  idx_tok   mass0.05   191.89    3456    3954    3965         1.80
  idx_tok   mass0.01   209.68    3895    3964    3965         1.23
  idx_pool  max         54.19      14      58     133          nan
  idx_pool  mass0.05   183.76    3656    3951    3965         1.87
  idx_pool  mass0.01   207.78    3965    3965    3965         1.25
== cal_tp0_n102_slot4_lid7_seq7934.pt T=7934 A=3967 n=8 idx-qpos offset=[-1, 95] archived mass p50/p90=0.263/0.383 need p90/max=0/1
  proxy     crit           zp  fire50  fire90 firemax fired/oracle
  sketch    max          1.29       0       1       2          nan
  sketch    mass0.05    20.19    3966    3966    3966         1.39
  sketch    mass0.01    21.31    3966    3966    3966         1.08
  idx_tok   max         97.52       2       3       4          nan
  idx_tok   mass0.05   348.14    3924    3966    3966         1.36
  idx_tok   mass0.01   369.74    3966    3966    3966         1.08
  idx_pool  max        163.51       9      16      24          nan
  idx_pool  mass0.05   383.14    3966    3966    3966         1.38
  idx_pool  mass0.01   401.46    3966    3966    3966         1.08
== cal_tp0_n103_slot4_lid39_seq7934.pt T=7934 A=3967 n=8 idx-qpos offset=[-1, 95] archived mass p50/p90=0.120/0.271 need p90/max=1/2
  proxy     crit           zp  fire50  fire90 firemax fired/oracle
  sketch    max          0.63       0       1       2          nan
  sketch    mass0.05    10.11    2615    3578    3839         2.45
  sketch    mass0.01    11.35    3534    3936    3961         1.34
  idx_tok   max         38.98       0       1       5          nan
  idx_tok   mass0.05   233.58    3037    3849    3965         2.64
  idx_tok   mass0.01   252.36    3801    3963    3966         1.34
  idx_pool  max         64.52       0       5       8          nan
  idx_pool  mass0.05   232.76    3422    3699    3966         2.66
  idx_pool  mass0.01   254.27    3944    3960    3966         1.37
== cal_tp0_n104_slot4_lid11_seq7934.pt T=7934 A=3966 n=8 idx-qpos offset=[-1, 95] archived mass p50/p90=0.295/0.465 need p90/max=1/2
  proxy     crit           zp  fire50  fire90 firemax fired/oracle
  sketch    max          1.48      57     345     378          nan
  sketch    mass0.05    10.73    3964    3965    3966         1.26
  sketch    mass0.01    11.75    3965    3965    3966         1.06
  idx_tok   max        193.44     148     303     412          nan
  idx_tok   mass0.05   268.25    3836    3962    3965         1.21
  idx_tok   mass0.01   278.50    3950    3965    3965         1.05
  idx_pool  max        215.90     214     424     570          nan
  idx_pool  mass0.05   293.35    3927    3965    3965         1.22
  idx_pool  mass0.01   301.16    3957    3965    3965         1.05
== cal_tp0_n105_slot4_lid43_seq7934.pt T=7934 A=3966 n=8 idx-qpos offset=[-1, 95] archived mass p50/p90=0.176/0.358 need p90/max=3/4
  proxy     crit           zp  fire50  fire90 firemax fired/oracle
  sketch    max          3.02       4      38      64          nan
  sketch    mass0.05    10.18    3340    3934    3965         1.37
  sketch    mass0.01    11.01    3888    3952    3965         1.10
  idx_tok   max        108.99      12      20      21          nan
  idx_tok   mass0.05   227.59    3759    3928    3964         1.39
  idx_tok   mass0.01   237.78    3954    3965    3965         1.10
  idx_pool  max         97.18      20      29      34          nan
  idx_pool  mass0.05   220.99    3965    3965    3965         1.48
  idx_pool  mass0.01   229.81    3965    3965    3965         1.11
== cal_tp0_n106_slot4_lid15_seq7934.pt T=7934 A=3966 n=8 idx-qpos offset=[-1, 95] archived mass p50/p90=0.098/0.377 need p90/max=1/1
  proxy     crit           zp  fire50  fire90 firemax fired/oracle
  sketch    max          1.78       0       4       8          nan
  sketch    mass0.05    11.26    3014    3756    3954         1.74
  sketch    mass0.01    12.15    3756    3958    3961         1.17
  idx_tok   max         71.45       2       6       7          nan
  idx_tok   mass0.05   287.56    3843    3965    3965         1.97
  idx_tok   mass0.01   311.55    3964    3965    3965         1.20
  idx_pool  max        147.96      18      42      42          nan
  idx_pool  mass0.05   326.53    3963    3965    3965         2.00
  idx_pool  mass0.01   344.97    3965    3965    3965         1.20
== cal_tp0_n107_slot4_lid19_seq7934.pt T=7934 A=3967 n=8 idx-qpos offset=[-1, 95] archived mass p50/p90=0.289/0.566 need p90/max=19/34
  proxy     crit           zp  fire50  fire90 firemax fired/oracle
  sketch    max          3.72      82     919    2038          nan
  sketch    mass0.05     8.88    3721    3964    3966         3.12
  sketch    mass0.01    10.56    3954    3966    3966         1.62
  idx_tok   max         91.25      46     183     322          nan
  idx_tok   mass0.05   215.09    3164    3965    3966         2.66
  idx_tok   mass0.01   257.94    3966    3966    3966         1.52
  idx_pool  max        105.72     231     522     775          nan
  idx_pool  mass0.05   224.68    3864    3966    3966         3.26
  idx_pool  mass0.01   267.33    3966    3966    3966         1.61
== cal_tp0_n108_slot4_lid23_seq7934.pt T=7934 A=3966 n=8 idx-qpos offset=[-1, 95] archived mass p50/p90=0.250/0.494 need p90/max=13/14
  proxy     crit           zp  fire50  fire90 firemax fired/oracle
  sketch    max          3.24      68     612     623          nan
  sketch    mass0.05     7.74    3694    3963    3964         1.39
  sketch    mass0.01     8.76    3930    3965    3966         1.11
  idx_tok   max        124.52    1662    3665    3894          nan
  idx_tok   mass0.05   187.50    3965    3965    3966         1.47
  idx_tok   mass0.01   198.25    3965    3965    3966         1.12
  idx_pool  max        101.58     680    2729    3457          nan
  idx_pool  mass0.05   175.02    3965    3965    3966         1.45
  idx_pool  mass0.01   183.24    3965    3965    3966         1.11
== cal_tp0_n109_slot4_lid27_seq7934.pt T=7934 A=3966 n=8 idx-qpos offset=[-1, 95] archived mass p50/p90=0.242/0.435 need p90/max=5/5
  proxy     crit           zp  fire50  fire90 firemax fired/oracle
  sketch    max          1.86       7      22      45          nan
  sketch    mass0.05    11.14    3178    3964    3965         2.38
  sketch    mass0.01    13.09    3844    3965    3965         1.43
  idx_tok   max         64.56      12      26      36          nan
  idx_tok   mass0.05   201.51    2277    3959    3965         1.97
  idx_tok   mass0.01   228.95    3760    3965    3965         1.34
  idx_pool  max         75.96      51     160     195          nan
  idx_pool  mass0.05   194.92    2834    3965    3965         2.30
  idx_pool  mass0.01   221.48    3827    3965    3965         1.41
== cal_tp0_n10_slot4_lid27_seq65069.pt T=65069 A=59518 n=8 idx-qpos offset=[-65048, -1] archived mass p50/p90=0.317/0.780 need p90/max=5/8
  proxy     crit           zp  fire50  fire90 firemax fired/oracle
  sketch    max          1.70       4      62     182          nan
  sketch    mass0.05    12.34   45488   53087   59517         1.36
  sketch    mass0.01    14.30   56988   58607   59517         1.15
  idx_tok   max         82.83      30    2578    8492          nan
  idx_tok   mass0.05   262.86   58640   59517   59518         1.67
  idx_tok   mass0.01   282.81   59436   59517   59518         1.21
  idx_pool  max         83.77      60    7176   23674          nan
  idx_pool  mass0.05   249.27   59132   59517   59518         1.68
  idx_pool  mass0.01   266.06   59497   59517   59518         1.21
== cal_tp0_n110_slot4_lid31_seq7934.pt T=7934 A=3967 n=8 idx-qpos offset=[-1, 95] archived mass p50/p90=0.209/0.397 need p90/max=0/1
  proxy     crit           zp  fire50  fire90 firemax fired/oracle
  sketch    max          2.31       0       5      11          nan
  sketch    mass0.05     9.65    3548    3785    3959         1.43
  sketch    mass0.01    10.94    3928    3951    3966         1.14
  idx_tok   max          0.00       0       0       1          nan
  idx_tok   mass0.05   205.92    3958    3966    3966         1.63
  idx_tok   mass0.01   220.67    3966    3966    3966         1.16
  idx_pool  max          9.53       0       0       1          nan
  idx_pool  mass0.05   217.34    3966    3966    3966         1.63
  idx_pool  mass0.01   231.27    3966    3966    3967         1.16
== cal_tp0_n111_slot4_lid3_seq7032.pt T=7032 A=3966 n=8 idx-qpos offset=[-1, 965] archived mass p50/p90=0.391/0.479 need p90/max=7/20
  proxy     crit           zp  fire50  fire90 firemax fired/oracle
  sketch    max          1.17       2      26      76          nan
  sketch    mass0.05    14.79    3965    3965    3966         1.18
  sketch    mass0.01    15.54    3965    3965    3966         1.04
  idx_tok   max        229.27     884    3964    3965          nan
  idx_tok   mass0.05   335.53    3965    3965    3966         1.16
  idx_tok   mass0.01   350.48    3965    3965    3966         1.04
  idx_pool  max        189.17    1460    3965    3965          nan
  idx_pool  mass0.05   299.39    3965    3965    3966         1.17
  idx_pool  mass0.01   312.90    3965    3965    3966         1.04
== cal_tp0_n112_slot4_lid35_seq7032.pt T=7032 A=3965 n=8 idx-qpos offset=[-1, 965] archived mass p50/p90=0.405/0.589 need p90/max=17/23
  proxy     crit           zp  fire50  fire90 firemax fired/oracle
  sketch    max          1.86      21      52      58          nan
  sketch    mass0.05    10.93    3229    3811    3875         1.47
  sketch    mass0.01    12.87    3840    3963    3964         1.18
  idx_tok   max         71.52      50     244     370          nan
  idx_tok   mass0.05   182.28    3740    3934    3965         1.62
  idx_tok   mass0.01   208.99    3944    3964    3965         1.20
  idx_pool  max         91.64     219    2190    2863          nan
  idx_pool  mass0.05   168.83    3918    3964    3965         1.73
  idx_pool  mass0.01   181.51    3962    3964    3965         1.22
== cal_tp0_n113_slot4_lid7_seq7032.pt T=7032 A=3966 n=8 idx-qpos offset=[-1, 965] archived mass p50/p90=0.348/0.464 need p90/max=1/2
  proxy     crit           zp  fire50  fire90 firemax fired/oracle
  sketch    max          0.00       0      38     112          nan
  sketch    mass0.05    17.52    3936    3965    3965         1.25
  sketch    mass0.01    18.23    3962    3965    3965         1.05
  idx_tok   max        207.78     664    3108    3865          nan
  idx_tok   mass0.05   311.46    3965    3965    3965         1.26
  idx_tok   mass0.01   324.79    3965    3965    3965         1.06
  idx_pool  max        239.27    1484    3931    3965          nan
  idx_pool  mass0.05   331.70    3965    3965    3965         1.27
  idx_pool  mass0.01   341.18    3965    3965    3965         1.06
== cal_tp0_n114_slot4_lid39_seq7032.pt T=7032 A=3965 n=8 idx-qpos offset=[-1, 965] archived mass p50/p90=0.255/0.434 need p90/max=1/3
  proxy     crit           zp  fire50  fire90 firemax fired/oracle
  sketch    max          0.00       0      17      21          nan
  sketch    mass0.05    18.84    3940    3959    3961         2.09
  sketch    mass0.01    21.92    3962    3964    3964         1.26
  idx_tok   max         66.94       2       5       9          nan
  idx_tok   mass0.05   245.29    3923    3964    3965         1.87
  idx_tok   mass0.01   272.35    3962    3964    3965         1.23
  idx_pool  max         98.57      15      57      99          nan
  idx_pool  mass0.05   253.11    3964    3964    3965         1.92
  idx_pool  mass0.01   272.30    3964    3964    3965         1.23
== cal_tp0_n115_slot4_lid11_seq7032.pt T=7032 A=3966 n=8 idx-qpos offset=[-1, 965] archived mass p50/p90=0.400/0.626 need p90/max=13/19
  proxy     crit           zp  fire50  fire90 firemax fired/oracle
  sketch    max          2.25     114     177     215          nan
  sketch    mass0.05     9.65    3962    3965    3966         1.21
  sketch    mass0.01    10.64    3965    3965    3966         1.05
  idx_tok   max        160.21     170     314     544          nan
  idx_tok   mass0.05   256.82    3940    3965    3966         1.16
  idx_tok   mass0.01   268.52    3965    3965    3966         1.04
  idx_pool  max        190.15     643    1860    1948          nan
  idx_pool  mass0.05   279.51    3965    3965    3966         1.20
  idx_pool  mass0.01   287.78    3965    3965    3966         1.04
== cal_tp0_n116_slot4_lid43_seq7032.pt T=7032 A=3965 n=8 idx-qpos offset=[-1, 965] archived mass p50/p90=0.236/0.425 need p90/max=2/3
  proxy     crit           zp  fire50  fire90 firemax fired/oracle
  sketch    max          3.74      13     100     122          nan
  sketch    mass0.05    10.17    3560    3892    3925         1.35
  sketch    mass0.01    11.20    3932    3963    3964         1.09
  idx_tok   max        106.16      18      41      63          nan
  idx_tok   mass0.05   245.60    3921    3961    3962         1.48
  idx_tok   mass0.01   260.44    3964    3964    3964         1.11
  idx_pool  max        112.49      73     192     303          nan
  idx_pool  mass0.05   215.78    3960    3964    3964         1.50
  idx_pool  mass0.01   225.91    3964    3964    3965         1.11
== cal_tp0_n117_slot4_lid15_seq7032.pt T=7032 A=3966 n=8 idx-qpos offset=[-1, 965] archived mass p50/p90=0.248/0.535 need p90/max=7/14
  proxy     crit           zp  fire50  fire90 firemax fired/oracle
  sketch    max          0.08       3      21      27          nan
  sketch    mass0.05    12.46    3760    3962    3964         1.46
  sketch    mass0.01    14.09    3940    3965    3965         1.14
  idx_tok   max        154.25     108     470     917          nan
  idx_tok   mass0.05   252.29    3918    3965    3966         1.48
  idx_tok   mass0.01   269.37    3965    3965    3966         1.13
  idx_pool  max        191.25     302    3772    3859          nan
  idx_pool  mass0.05   294.99    3965    3965    3966         1.57
  idx_pool  mass0.01   305.75    3965    3965    3966         1.14
== cal_tp0_n118_slot4_lid19_seq7032.pt T=7032 A=3967 n=8 idx-qpos offset=[-1, 965] archived mass p50/p90=0.468/0.676 need p90/max=34/39
  proxy     crit           zp  fire50  fire90 firemax fired/oracle
  sketch    max          2.81     166     440     504          nan
  sketch    mass0.05     8.98    3824    3937    3941         1.61
  sketch    mass0.01    12.53    3958    3966    3967         1.22
  idx_tok   max        160.74    2018    2899    3581          nan
  idx_tok   mass0.05   197.00    3817    3954    3966         1.53
  idx_tok   mass0.01   219.08    3966    3966    3966         1.17
  idx_pool  max        130.78    1694    3235    3841          nan
  idx_pool  mass0.05   183.92    3952    3966    3967         1.65
  idx_pool  mass0.01   202.18    3966    3966    3967         1.20
== cal_tp0_n119_slot4_lid23_seq7032.pt T=7032 A=3967 n=8 idx-qpos offset=[-1, 965] archived mass p50/p90=0.346/0.531 need p90/max=11/17
  proxy     crit           zp  fire50  fire90 firemax fired/oracle
  sketch    max          2.39      68     145     194          nan
  sketch    mass0.05    10.38    3954    3961    3964         1.39
  sketch    mass0.01    13.47    3966    3966    3967         1.11
  idx_tok   max         84.01     666    1246    1409          nan
  idx_tok   mass0.05   172.54    3966    3966    3967         1.40
  idx_tok   mass0.01   181.53    3966    3966    3967         1.11
  idx_pool  max         85.01    2312    3427    3794          nan
  idx_pool  mass0.05   157.25    3966    3966    3967         1.38
  idx_pool  mass0.01   164.79    3966    3966    3967         1.10
== cal_tp0_n11_slot4_lid31_seq65069.pt T=65069 A=59518 n=8 idx-qpos offset=[-65048, -1] archived mass p50/p90=0.496/0.854 need p90/max=2/5
  proxy     crit           zp  fire50  fire90 firemax fired/oracle
  sketch    max          0.08       0      12      38          nan
  sketch    mass0.05    12.72   55838   58240   59517         1.23
  sketch    mass0.01    14.09   58942   59403   59517         1.07
  idx_tok   max        109.42      16    2654    8749          nan
  idx_tok   mass0.05   245.74   57731   59385   59517         1.27
  idx_tok   mass0.01   261.97   59326   59511   59517         1.08
  idx_pool  max        102.58      11    1529    5044          nan
  idx_pool  mass0.05   241.71   56950   59296   59517         1.27
  idx_pool  mass0.01   257.43   59237   59512   59517         1.08
== cal_tp0_n120_slot4_lid27_seq7032.pt T=7032 A=3966 n=8 idx-qpos offset=[-1, 965] archived mass p50/p90=0.285/0.422 need p90/max=3/7
  proxy     crit           zp  fire50  fire90 firemax fired/oracle
  sketch    max          2.24      22     254     260          nan
  sketch    mass0.05     9.59    3652    3948    3961         1.74
  sketch    mass0.01    12.01    3953    3965    3966         1.24
  idx_tok   max         76.84      44     226     271          nan
  idx_tok   mass0.05   194.68    3742    3965    3966         1.70
  idx_tok   mass0.01   216.39    3959    3965    3966         1.21
  idx_pool  max         75.38     102     606     661          nan
  idx_pool  mass0.05   189.26    3919    3965    3966         1.79
  idx_pool  mass0.01   206.20    3965    3965    3966         1.22
== cal_tp0_n121_slot4_lid31_seq7032.pt T=7032 A=3966 n=8 idx-qpos offset=[-1, 965] archived mass p50/p90=0.319/0.536 need p90/max=4/5
  proxy     crit           zp  fire50  fire90 firemax fired/oracle
  sketch    max          2.59      32      56      64          nan
  sketch    mass0.05    10.63    3959    3965    3965         1.65
  sketch    mass0.01    11.92    3965    3965    3966         1.17
  idx_tok   max         97.69      56     228     304          nan
  idx_tok   mass0.05   204.22    3951    3965    3966         1.60
  idx_tok   mass0.01   225.95    3965    3965    3966         1.16
  idx_pool  max        137.86    1068    2720    3571          nan
  idx_pool  mass0.05   202.83    3965    3965    3966         1.66
  idx_pool  mass0.01   213.18    3965    3965    3966         1.17
== cal_tp0_n122_slot4_lid3_seq6954.pt T=6954 A=3966 n=8 idx-qpos offset=[-1, 141] archived mass p50/p90=0.392/0.509 need p90/max=4/10
  proxy     crit           zp  fire50  fire90 firemax fired/oracle
  sketch    max          0.97       0      11      33          nan
  sketch    mass0.05    15.77    3965    3965    3966         1.16
  sketch    mass0.01    16.59    3965    3965    3966         1.04
  idx_tok   max        176.41      28     234     506          nan
  idx_tok   mass0.05   334.80    3944    3965    3965         1.12
  idx_tok   mass0.01   348.38    3965    3965    3966         1.03
  idx_pool  max        177.48      44    1359    3949          nan
  idx_pool  mass0.05   295.65    3949    3965    3965         1.14
  idx_pool  mass0.01   306.47    3965    3965    3965         1.03
== cal_tp0_n123_slot4_lid35_seq6954.pt T=6954 A=3965 n=8 idx-qpos offset=[-1, 141] archived mass p50/p90=0.500/0.637 need p90/max=44/45
  proxy     crit           zp  fire50  fire90 firemax fired/oracle
  sketch    max          2.45      62     175     243          nan
  sketch    mass0.05    11.54    3692    3944    3964         1.54
  sketch    mass0.01    13.78    3954    3964    3965         1.18
  idx_tok   max         74.83     116     648     890          nan
  idx_tok   mass0.05   166.27    3653    3964    3965         1.52
  idx_tok   mass0.01   194.21    3951    3964    3965         1.20
  idx_pool  max         91.50     586    3419    3882          nan
  idx_pool  mass0.05   172.50    3956    3964    3965         1.72
  idx_pool  mass0.01   186.89    3964    3964    3965         1.22
== cal_tp0_n124_slot4_lid7_seq6954.pt T=6954 A=3966 n=8 idx-qpos offset=[-1, 141] archived mass p50/p90=0.332/0.468 need p90/max=1/1
  proxy     crit           zp  fire50  fire90 firemax fired/oracle
  sketch    max          0.00       1       8      25          nan
  sketch    mass0.05    20.92    3892    3965    3965         1.23
  sketch    mass0.01    22.35    3964    3965    3965         1.05
  idx_tok   max        141.53      14     157     453          nan
  idx_tok   mass0.05   307.69    3965    3965    3965         1.25
  idx_tok   mass0.01   330.30    3965    3965    3965         1.06
  idx_pool  max        194.45      35    1142    3509          nan
  idx_pool  mass0.05   335.94    3965    3965    3965         1.26
  idx_pool  mass0.01   346.00    3965    3965    3965         1.06
== cal_tp0_n125_slot4_lid39_seq6954.pt T=6954 A=3965 n=8 idx-qpos offset=[-1, 141] archived mass p50/p90=0.354/0.511 need p90/max=2/2
  proxy     crit           zp  fire50  fire90 firemax fired/oracle
  sketch    max          0.62       2      18      30          nan
  sketch    mass0.05    18.59    3940    3959    3959         1.98
  sketch    mass0.01    21.50    3964    3964    3965         1.23
  idx_tok   max         81.05      13      39      47          nan
  idx_tok   mass0.05   204.19    3400    3962    3965         1.67
  idx_tok   mass0.01   223.47    3863    3964    3965         1.19
  idx_pool  max         96.22      32      81     131          nan
  idx_pool  mass0.05   212.16    3808    3964    3965         1.84
  idx_pool  mass0.01   229.56    3962    3964    3965         1.21
== cal_tp0_n126_slot4_lid11_seq6954.pt T=6954 A=3966 n=8 idx-qpos offset=[-1, 141] archived mass p50/p90=0.402/0.616 need p90/max=5/6
  proxy     crit           zp  fire50  fire90 firemax fired/oracle
  sketch    max          1.60      27      95     108          nan
  sketch    mass0.05    11.03    3956    3965    3965         1.21
  sketch    mass0.01    12.08    3964    3965    3965         1.04
  idx_tok   max        100.50      24      34      35          nan
  idx_tok   mass0.05   264.70    3936    3965    3965         1.19
  idx_tok   mass0.01   275.23    3964    3965    3965         1.04
  idx_pool  max        142.63      44     183     231          nan
  idx_pool  mass0.05   280.49    3965    3965    3966         1.20
  idx_pool  mass0.01   287.32    3965    3965    3966         1.04
== cal_tp0_n127_slot4_lid43_seq6954.pt T=6954 A=3966 n=8 idx-qpos offset=[-1, 141] archived mass p50/p90=0.232/0.445 need p90/max=1/2
  proxy     crit           zp  fire50  fire90 firemax fired/oracle
  sketch    max          2.25       2      10      16          nan
  sketch    mass0.05     9.57    3204    3743    3907         1.39
  sketch    mass0.01    10.35    3730    3940    3965         1.09
  idx_tok   max        124.15      34     131     144          nan
  idx_tok   mass0.05   223.76    3596    3835    3843         1.42
  idx_tok   mass0.01   241.17    3938    3958    3960         1.13
  idx_pool  max        151.97     514    1196    2127          nan
  idx_pool  mass0.05   201.28    3790    3945    3965         1.48
  idx_pool  mass0.01   213.39    3954    3965    3965         1.12
== cal_tp0_n128_slot4_lid15_seq6954.pt T=6954 A=3966 n=8 idx-qpos offset=[-1, 141] archived mass p50/p90=0.257/0.580 need p90/max=6/10
  proxy     crit           zp  fire50  fire90 firemax fired/oracle
  sketch    max          0.00       7      28      45          nan
  sketch    mass0.05    13.07    3848    3965    3966         1.42
  sketch    mass0.01    14.89    3958    3965    3966         1.13
  idx_tok   max        162.88     142     583     715          nan
  idx_tok   mass0.05   240.20    3308    3965    3966         1.32
  idx_tok   mass0.01   260.60    3903    3965    3966         1.11
  idx_pool  max        181.35     152    1515    3284          nan
  idx_pool  mass0.05   283.17    3932    3965    3966         1.50
  idx_pool  mass0.01   297.37    3965    3965    3966         1.14
== cal_tp0_n129_slot4_lid19_seq6954.pt T=6954 A=3967 n=8 idx-qpos offset=[-1, 141] archived mass p50/p90=0.487/0.670 need p90/max=24/35
  proxy     crit           zp  fire50  fire90 firemax fired/oracle
  sketch    max          6.23    1779    3421    3742          nan
  sketch    mass0.05    10.30    3886    3962    3967         1.76
  sketch    mass0.01    12.40    3960    3966    3967         1.24
  idx_tok   max        114.84     401    1214    1627          nan
  idx_tok   mass0.05   199.08    3880    3966    3967         1.68
  idx_tok   mass0.01   220.50    3965    3966    3967         1.22
  idx_pool  max        111.07    1246    2000    2620          nan
  idx_pool  mass0.05   185.82    3966    3966    3967         1.78
  idx_pool  mass0.01   205.02    3966    3966    3967         1.24
== cal_tp0_n12_slot4_lid3_seq65070.pt T=65070 A=59518 n=8 idx-qpos offset=[-1, 62] archived mass p50/p90=0.793/0.845 need p90/max=10/14
  proxy     crit           zp  fire50  fire90 firemax fired/oracle
  sketch    max          3.09     480    2346    2353          nan
  sketch    mass0.05    15.83   59465   59517   59517         1.17
  sketch    mass0.01    17.42   59506   59517   59517         1.04
  idx_tok   max        333.87   49651   59517   59517          nan
  idx_tok   mass0.05   408.61   59517   59517   59518         1.17
  idx_tok   mass0.01   428.12   59517   59517   59518         1.04
  idx_pool  max        262.18   44864   59517   59517          nan
  idx_pool  mass0.05   352.41   59517   59517   59517         1.16
  idx_pool  mass0.01   369.38   59517   59517   59517         1.04
== cal_tp0_n130_slot4_lid23_seq6954.pt T=6954 A=3967 n=8 idx-qpos offset=[-1, 141] archived mass p50/p90=0.345/0.512 need p90/max=9/16
  proxy     crit           zp  fire50  fire90 firemax fired/oracle
  sketch    max          2.85     110     320     439          nan
  sketch    mass0.05     9.54    3932    3957    3967         1.32
  sketch    mass0.01    13.31    3966    3966    3967         1.09
  idx_tok   max         90.66     735    2779    3967          nan
  idx_tok   mass0.05   164.26    3966    3966    3967         1.33
  idx_tok   mass0.01   175.56    3966    3966    3967         1.09
  idx_pool  max         86.99    1174    3424    3967          nan
  idx_pool  mass0.05   155.40    3966    3966    3967         1.33
  idx_pool  mass0.01   165.80    3966    3966    3967         1.09
== cal_tp0_n131_slot4_lid27_seq6954.pt T=6954 A=3966 n=8 idx-qpos offset=[-1, 141] archived mass p50/p90=0.286/0.486 need p90/max=7/9
  proxy     crit           zp  fire50  fire90 firemax fired/oracle
  sketch    max          1.27      19     142     159          nan
  sketch    mass0.05    11.21    3938    3965    3966         1.87
  sketch    mass0.01    13.96    3965    3965    3966         1.28
  idx_tok   max         82.72      34     175     242          nan
  idx_tok   mass0.05   211.53    3799    3965    3966         1.74
  idx_tok   mass0.01   243.86    3965    3965    3966         1.25
  idx_pool  max        116.10     334    2804    3573          nan
  idx_pool  mass0.05   206.25    3911    3965    3966         1.84
  idx_pool  mass0.01   229.51    3965    3965    3966         1.26
== cal_tp0_n132_slot4_lid31_seq6954.pt T=6954 A=3966 n=8 idx-qpos offset=[-1, 141] archived mass p50/p90=0.358/0.534 need p90/max=4/5
  proxy     crit           zp  fire50  fire90 firemax fired/oracle
  sketch    max          2.68      40      95     168          nan
  sketch    mass0.05     9.77    3836    3957    3959         1.60
  sketch    mass0.01    11.59    3964    3965    3966         1.17
  idx_tok   max        106.91      82     629    1046          nan
  idx_tok   mass0.05   213.69    3964    3965    3966         1.61
  idx_tok   mass0.01   235.34    3965    3965    3966         1.17
  idx_pool  max        124.73     604    2392    3550          nan
  idx_pool  mass0.05   233.26    3965    3965    3966         1.73
  idx_pool  mass0.01   244.49    3965    3965    3966         1.18
== cal_tp0_n133_slot4_lid3_seq4104.pt T=4104 A=3967 n=8 idx-qpos offset=[-38, -1] archived mass p50/p90=0.768/0.879 need p90/max=13/13
  proxy     crit           zp  fire50  fire90 firemax fired/oracle
  sketch    max          2.58     238     730     986          nan
  sketch    mass0.05     8.63    3952    3966    3967         1.08
  sketch    mass0.01    10.00    3964    3966    3967         1.02
  idx_tok   max        176.53    2902    3966    3967          nan
  idx_tok   mass0.05   333.03    3966    3966    3967         1.09
  idx_tok   mass0.01   341.21    3966    3966    3967         1.02
  idx_pool  max        125.84     848    2159    2422          nan
  idx_pool  mass0.05   261.33    3966    3966    3967         1.09
  idx_pool  mass0.01   268.24    3966    3966    3967         1.02
== cal_tp0_n134_slot4_lid35_seq4104.pt T=4104 A=3965 n=8 idx-qpos offset=[-38, -1] archived mass p50/p90=0.586/0.773 need p90/max=18/22
  proxy     crit           zp  fire50  fire90 firemax fired/oracle
  sketch    max          1.76      17     187     240          nan
  sketch    mass0.05    11.62    3304    3900    3940         1.34
  sketch    mass0.01    13.64    3896    3959    3965         1.14
  idx_tok   max        112.40     882    1054    1094          nan
  idx_tok   mass0.05   177.07    3720    3963    3964         1.45
  idx_tok   mass0.01   189.18    3888    3964    3964         1.12
  idx_pool  max         92.48     490    1385    1560          nan
  idx_pool  mass0.05   151.25    3386    3964    3965         1.39
  idx_pool  mass0.01   170.17    3920    3964    3965         1.14
== cal_tp0_n135_slot4_lid7_seq4104.pt T=4104 A=3966 n=8 idx-qpos offset=[-38, -1] archived mass p50/p90=0.593/0.766 need p90/max=6/9
  proxy     crit           zp  fire50  fire90 firemax fired/oracle
  sketch    max          3.02      13      48      54          nan
  sketch    mass0.05    22.22    3965    3965    3965         1.17
  sketch    mass0.01    22.80    3965    3965    3966         1.04
  idx_tok   max        129.87      44     154     180          nan
  idx_tok   mass0.05   409.54    3965    3965    3966         1.17
  idx_tok   mass0.01   425.10    3965    3965    3966         1.04
  idx_pool  max        183.95     202     551     712          nan
  idx_pool  mass0.05   446.99    3965    3965    3966         1.17
  idx_pool  mass0.01   454.13    3965    3965    3966         1.04
== cal_tp0_n136_slot4_lid39_seq4104.pt T=4104 A=3966 n=8 idx-qpos offset=[-38, -1] archived mass p50/p90=0.363/0.542 need p90/max=1/2
  proxy     crit           zp  fire50  fire90 firemax fired/oracle
  sketch    max          1.04       1       3       5          nan
  sketch    mass0.05     9.77    3598    3938    3939         1.63
  sketch    mass0.01    10.94    3912    3961    3962         1.16
  idx_tok   max         34.82       0       3       8          nan
  idx_tok   mass0.05   262.39    3964    3965    3966         1.73
  idx_tok   mass0.01   291.19    3965    3965    3966         1.17
  idx_pool  max         79.20      14      37      48          nan
  idx_pool  mass0.05   250.35    3965    3965    3966         1.73
  idx_pool  mass0.01   269.24    3965    3965    3966         1.17
== cal_tp0_n137_slot4_lid11_seq4104.pt T=4104 A=3966 n=8 idx-qpos offset=[-38, -1] archived mass p50/p90=0.666/0.860 need p90/max=19/25
  proxy     crit           zp  fire50  fire90 firemax fired/oracle
  sketch    max          2.99     755    1787    2369          nan
  sketch    mass0.05     9.31    3960    3965    3965         1.13
  sketch    mass0.01    10.11    3964    3965    3965         1.03
  idx_tok   max        112.88     144     259     274          nan
  idx_tok   mass0.05   270.68    3965    3965    3966         1.13
  idx_tok   mass0.01   279.01    3965    3965    3966         1.03
  idx_pool  max        171.67     692     989    1329          nan
  idx_pool  mass0.05   287.80    3965    3965    3966         1.13
  idx_pool  mass0.01   294.97    3965    3965    3966         1.03
== cal_tp0_n138_slot4_lid43_seq4104.pt T=4104 A=3966 n=8 idx-qpos offset=[-38, -1] archived mass p50/p90=0.603/0.805 need p90/max=7/8
  proxy     crit           zp  fire50  fire90 firemax fired/oracle
  sketch    max          4.09     110     323     464          nan
  sketch    mass0.05    10.53    3910    3964    3964         1.28
  sketch    mass0.01    11.76    3965    3965    3965         1.07
  idx_tok   max        128.07     161     395     513          nan
  idx_tok   mass0.05   238.65    3965    3965    3966         1.29
  idx_tok   mass0.01   252.72    3965    3965    3966         1.07
  idx_pool  max        125.35     366     931    1084          nan
  idx_pool  mass0.05   207.73    3965    3965    3966         1.28
  idx_pool  mass0.01   215.71    3965    3965    3966         1.07
== cal_tp0_n139_slot4_lid15_seq4104.pt T=4104 A=3966 n=8 idx-qpos offset=[-38, -1] archived mass p50/p90=0.617/0.921 need p90/max=27/47
  proxy     crit           zp  fire50  fire90 firemax fired/oracle
  sketch    max          3.07     288     376     380          nan
  sketch    mass0.05    10.80    3889    3961    3965         1.19
  sketch    mass0.01    12.21    3964    3965    3965         1.05
  idx_tok   max        178.06    2176    3440    3870          nan
  idx_tok   mass0.05   298.20    3965    3965    3966         1.23
  idx_tok   mass0.01   317.90    3965    3965    3966         1.06
  idx_pool  max        195.99    3092    3714    3917          nan
  idx_pool  mass0.05   337.33    3965    3965    3966         1.22
  idx_pool  mass0.01   353.86    3965    3965    3966         1.06
== cal_tp0_n13_slot4_lid35_seq65070.pt T=65070 A=59518 n=8 idx-qpos offset=[-1, 62] archived mass p50/p90=0.694/0.816 need p90/max=6/6
  proxy     crit           zp  fire50  fire90 firemax fired/oracle
  sketch    max          1.59       9      20      35          nan
  sketch    mass0.05    12.63   52254   58439   59378         1.24
  sketch    mass0.01    14.21   58107   59444   59514         1.10
  idx_tok   max         71.44      36      53      54          nan
  idx_tok   mass0.05   223.31   55799   57854   57855         1.29
  idx_tok   mass0.01   245.39   58932   59361   59374         1.11
  idx_pool  max        101.21     326     593     783          nan
  idx_pool  mass0.05   216.38   56447   59123   59359         1.32
  idx_pool  mass0.01   234.40   58927   59498   59502         1.11
== cal_tp0_n140_slot4_lid19_seq4104.pt T=4104 A=3966 n=8 idx-qpos offset=[-38, -1] archived mass p50/p90=0.702/0.875 need p90/max=34/42
  proxy     crit           zp  fire50  fire90 firemax fired/oracle
  sketch    max          5.00    1026    2328    2497          nan
  sketch    mass0.05     8.77    3898    3963    3963         1.57
  sketch    mass0.01    10.47    3964    3965    3965         1.20
  idx_tok   max        100.50     196     770    1148          nan
  idx_tok   mass0.05   210.39    3595    3965    3966         1.54
  idx_tok   mass0.01   236.77    3961    3965    3966         1.21
  idx_pool  max        105.48     676    1733    2655          nan
  idx_pool  mass0.05   201.94    3943    3965    3966         1.71
  idx_pool  mass0.01   224.60    3965    3965    3966         1.22
== cal_tp0_n141_slot4_lid23_seq4104.pt T=4104 A=3966 n=8 idx-qpos offset=[-38, -1] archived mass p50/p90=0.588/0.845 need p90/max=56/73
  proxy     crit           zp  fire50  fire90 firemax fired/oracle
  sketch    max          2.95     211     599     850          nan
  sketch    mass0.05     8.07    3829    3962    3966         1.26
  sketch    mass0.01     9.32    3958    3965    3966         1.08
  idx_tok   max         94.97     413    1179    1502          nan
  idx_tok   mass0.05   173.69    3964    3965    3966         1.30
  idx_tok   mass0.01   181.83    3965    3965    3966         1.08
  idx_pool  max         99.55     955    2503    2658          nan
  idx_pool  mass0.05   166.65    3965    3965    3966         1.30
  idx_pool  mass0.01   174.07    3965    3965    3966         1.08
== cal_tp0_n142_slot4_lid27_seq4104.pt T=4104 A=3966 n=8 idx-qpos offset=[-38, -1] archived mass p50/p90=0.539/0.857 need p90/max=45/78
  proxy     crit           zp  fire50  fire90 firemax fired/oracle
  sketch    max          3.01     304     785     786          nan
  sketch    mass0.05    12.05    3964    3965    3966         1.49
  sketch    mass0.01    14.74    3965    3965    3966         1.18
  idx_tok   max        123.63     297    3964    3965          nan
  idx_tok   mass0.05   204.89    3850    3965    3966         1.51
  idx_tok   mass0.01   233.73    3965    3965    3966         1.17
  idx_pool  max        152.20    1563    3965    3965          nan
  idx_pool  mass0.05   197.13    3899    3965    3966         1.60
  idx_pool  mass0.01   230.49    3965    3965    3966         1.18
== cal_tp0_n143_slot4_lid31_seq4104.pt T=4104 A=3967 n=8 idx-qpos offset=[-38, -1] archived mass p50/p90=0.604/0.815 need p90/max=10/16
  proxy     crit           zp  fire50  fire90 firemax fired/oracle
  sketch    max          2.80      64     231     301          nan
  sketch    mass0.05    10.12    3947    3964    3967         1.34
  sketch    mass0.01    11.28    3966    3966    3967         1.09
  idx_tok   max         88.55      68     280     302          nan
  idx_tok   mass0.05   196.78    3960    3966    3967         1.31
  idx_tok   mass0.01   212.98    3966    3966    3967         1.08
  idx_pool  max        110.38     625     924    1084          nan
  idx_pool  mass0.05   181.77    3944    3966    3967         1.34
  idx_pool  mass0.01   191.62    3962    3966    3967         1.08
== cal_tp0_n14_slot4_lid7_seq65070.pt T=65070 A=59518 n=8 idx-qpos offset=[-1, 62] archived mass p50/p90=0.808/0.852 need p90/max=35/74
  proxy     crit           zp  fire50  fire90 firemax fired/oracle
  sketch    max          3.24      32     198     377          nan
  sketch    mass0.05    27.83   59242   59517   59517         1.28
  sketch    mass0.01    34.05   59510   59517   59517         1.07
  idx_tok   max        251.95   54708   59198   59517          nan
  idx_tok   mass0.05   290.84   59440   59517   59518         1.25
  idx_tok   mass0.01   314.44   59517   59517   59518         1.07
  idx_pool  max        308.20   59359   59517   59518          nan
  idx_pool  mass0.05   334.66   59517   59517   59518         1.26
  idx_pool  mass0.01   357.40   59517   59517   59518         1.07
== cal_tp0_n15_slot4_lid39_seq65070.pt T=65070 A=59518 n=8 idx-qpos offset=[-1, 62] archived mass p50/p90=0.468/0.657 need p90/max=2/6
  proxy     crit           zp  fire50  fire90 firemax fired/oracle
  sketch    max          2.68       4      12      14          nan
  sketch    mass0.05    10.17   55704   57978   58160         1.49
  sketch    mass0.01    10.96   58548   59337   59351         1.16
  idx_tok   max         34.94       1       3       9          nan
  idx_tok   mass0.05   323.24   57366   59006   59014         1.55
  idx_tok   mass0.01   349.41   59204   59482   59493         1.18
  idx_pool  max         26.20       0       3       8          nan
  idx_pool  mass0.05   307.74   56640   58442   58685         1.52
  idx_pool  mass0.01   330.17   58964   59474   59486         1.17
== cal_tp0_n16_slot4_lid11_seq65070.pt T=65070 A=59518 n=8 idx-qpos offset=[-1, 62] archived mass p50/p90=0.819/0.871 need p90/max=5/5
  proxy     crit           zp  fire50  fire90 firemax fired/oracle
  sketch    max          3.59      62     367     767          nan
  sketch    mass0.05    10.49   59258   59507   59516         1.13
  sketch    mass0.01    11.41   59481   59517   59517         1.03
  idx_tok   max        186.90    3392   10896   10917          nan
  idx_tok   mass0.05   320.68   59517   59517   59518         1.12
  idx_tok   mass0.01   335.08   59517   59517   59518         1.03
  idx_pool  max        176.76    1773    4989    5851          nan
  idx_pool  mass0.05   310.98   59517   59517   59518         1.12
  idx_pool  mass0.01   324.70   59517   59517   59518         1.03
== cal_tp0_n17_slot4_lid43_seq65070.pt T=65070 A=59518 n=8 idx-qpos offset=[-1, 62] archived mass p50/p90=0.560/0.804 need p90/max=6/8
  proxy     crit           zp  fire50  fire90 firemax fired/oracle
  sketch    max          3.58      29      73      98          nan
  sketch    mass0.05    10.92   51680   57197   59502         1.18
  sketch    mass0.01    11.81   57959   59265   59515         1.06
  idx_tok   max        107.21      27      36      39          nan
  idx_tok   mass0.05   295.24   58980   59477   59497         1.24
  idx_tok   mass0.01   315.86   59511   59517   59517         1.07
  idx_pool  max        116.84      92     191     204          nan
  idx_pool  mass0.05   286.27   59481   59509   59517         1.29
  idx_pool  mass0.01   304.24   59517   59517   59517         1.08
== cal_tp0_n18_slot4_lid15_seq65070.pt T=65070 A=59518 n=8 idx-qpos offset=[-1, 62] archived mass p50/p90=0.650/0.826 need p90/max=7/8
  proxy     crit           zp  fire50  fire90 firemax fired/oracle
  sketch    max          2.25      13      47      58          nan
  sketch    mass0.05    12.14   58094   58884   59213         1.27
  sketch    mass0.01    12.93   59230   59462   59496         1.08
  idx_tok   max        148.03     238     574     680          nan
  idx_tok   mass0.05   326.99   59517   59517   59517         1.29
  idx_tok   mass0.01   347.55   59517   59517   59517         1.08
  idx_pool  max        174.86    1053    2827    3171          nan
  idx_pool  mass0.05   321.23   59517   59517   59517         1.29
  idx_pool  mass0.01   341.34   59517   59517   59517         1.08
== cal_tp0_n19_slot4_lid19_seq65070.pt T=65070 A=59518 n=8 idx-qpos offset=[-1, 62] archived mass p50/p90=0.615/0.775 need p90/max=13/20
  proxy     crit           zp  fire50  fire90 firemax fired/oracle
  sketch    max          4.96     611    4940   12212          nan
  sketch    mass0.05    12.44   59098   59418   59500         1.67
  sketch    mass0.01    15.14   59488   59516   59517         1.20
  idx_tok   max         98.19     198     505     665          nan
  idx_tok   mass0.05   249.97   59326   59516   59517         1.58
  idx_tok   mass0.01   269.27   59514   59517   59517         1.19
  idx_pool  max        101.59    1138    3553    4941          nan
  idx_pool  mass0.05   245.26   59517   59517   59517         1.60
  idx_pool  mass0.01   263.83   59517   59517   59517         1.19
== cal_tp0_n1_slot4_lid3_seq65069.pt T=65069 A=59518 n=8 idx-qpos offset=[-65048, -1] archived mass p50/p90=0.802/0.861 need p90/max=27/53
  proxy     crit           zp  fire50  fire90 firemax fired/oracle
  sketch    max          5.49    1570   16149   26627          nan
  sketch    mass0.05    16.75   59352   59517   59517         1.15
  sketch    mass0.01    18.87   59509   59517   59517         1.04
  idx_tok   max        274.06   16358   51685   59517          nan
  idx_tok   mass0.05   408.05   59517   59517   59518         1.16
  idx_tok   mass0.01   427.65   59517   59517   59518         1.04
  idx_pool  max        241.37   54196   58200   59517          nan
  idx_pool  mass0.05   337.26   59517   59517   59518         1.15
  idx_pool  mass0.01   354.07   59517   59517   59518         1.04
== cal_tp0_n20_slot4_lid23_seq65070.pt T=65070 A=59518 n=8 idx-qpos offset=[-1, 62] archived mass p50/p90=0.330/0.772 need p90/max=4/8
  proxy     crit           zp  fire50  fire90 firemax fired/oracle
  sketch    max          2.10      16     190     562          nan
  sketch    mass0.05     8.83   53237   57017   59361         1.28
  sketch    mass0.01    10.04   58820   59339   59506         1.10
  idx_tok   max        119.87     233     849    1186          nan
  idx_tok   mass0.05   237.68   58399   59167   59511         1.36
  idx_tok   mass0.01   251.15   59375   59490   59517         1.11
  idx_pool  max        154.15    4221   12664   17736          nan
  idx_pool  mass0.05   224.65   57908   59445   59510         1.35
  idx_pool  mass0.01   236.07   59322   59517   59517         1.11
== cal_tp0_n21_slot4_lid27_seq65070.pt T=65070 A=59518 n=8 idx-qpos offset=[-1, 62] archived mass p50/p90=0.345/0.709 need p90/max=1/2
  proxy     crit           zp  fire50  fire90 firemax fired/oracle
  sketch    max          2.02       2      12      20          nan
  sketch    mass0.05    10.50   47986   54791   59464         1.40
  sketch    mass0.01    11.69   56462   58535   59517         1.14
  idx_tok   max         41.33       1       3       5          nan
  idx_tok   mass0.05   253.18   57868   59395   59517         1.59
  idx_tok   mass0.01   271.75   59374   59512   59517         1.19
  idx_pool  max         39.77       4       8      12          nan
  idx_pool  mass0.05   230.39   54416   59291   59517         1.48
  idx_pool  mass0.01   246.07   58298   59498   59517         1.16
== cal_tp0_n22_slot4_lid31_seq65070.pt T=65070 A=59518 n=8 idx-qpos offset=[-1, 62] archived mass p50/p90=0.470/0.788 need p90/max=1/1
  proxy     crit           zp  fire50  fire90 firemax fired/oracle
  sketch    max          1.07       0       1       2          nan
  sketch    mass0.05    12.09   56708   59444   59515         1.30
  sketch    mass0.01    13.07   59162   59516   59517         1.09
  idx_tok   max         14.65       0       1       1          nan
  idx_tok   mass0.05   250.88   57302   59447   59481         1.26
  idx_tok   mass0.01   268.84   59306   59514   59517         1.09
  idx_pool  max         31.25       0       3       3          nan
  idx_pool  mass0.05   246.08   55844   59502   59517         1.27
  idx_pool  mass0.01   261.02   59058   59517   59517         1.08
== cal_tp0_n23_slot4_lid3_seq64295.pt T=64295 A=59518 n=8 idx-qpos offset=[-1, 838] archived mass p50/p90=0.797/0.864 need p90/max=1/1
  proxy     crit           zp  fire50  fire90 firemax fired/oracle
  sketch    max          2.06      57     840    1597          nan
  sketch    mass0.05    15.32   59514   59517   59517         1.13
  sketch    mass0.01    16.57   59517   59517   59518         1.03
  idx_tok   max         42.76       0       6      17          nan
  idx_tok   mass0.05   384.16   59517   59517   59517         1.13
  idx_tok   mass0.01   393.44   59517   59517   59518         1.03
  idx_pool  max         44.84       0      10      28          nan
  idx_pool  mass0.05   341.19   59517   59517   59517         1.14
  idx_pool  mass0.01   350.12   59517   59517   59517         1.04
== cal_tp0_n24_slot4_lid35_seq64295.pt T=64295 A=59517 n=8 idx-qpos offset=[-1, 838] archived mass p50/p90=0.725/0.824 need p90/max=16/25
  proxy     crit           zp  fire50  fire90 firemax fired/oracle
  sketch    max          2.69      72     216     254          nan
  sketch    mass0.05    12.84   51024   56149   58021         1.28
  sketch    mass0.01    14.80   58766   59330   59381         1.12
  idx_tok   max        133.58    8969   15927   20010          nan
  idx_tok   mass0.05   206.06   56910   59412   59443         1.39
  idx_tok   mass0.01   228.50   59264   59516   59516         1.12
  idx_pool  max        119.87   22348   36157   42388          nan
  idx_pool  mass0.05   193.44   59480   59516   59517         1.44
  idx_pool  mass0.01   209.63   59516   59516   59517         1.13
== cal_tp0_n25_slot4_lid7_seq64295.pt T=64295 A=59518 n=8 idx-qpos offset=[-1, 838] archived mass p50/p90=0.675/0.782 need p90/max=2/3
  proxy     crit           zp  fire50  fire90 firemax fired/oracle
  sketch    max          1.52       0       3       7          nan
  sketch    mass0.05    31.49   59517   59517   59517         1.16
  sketch    mass0.01    32.84   59517   59517   59517         1.03
  idx_tok   max        151.62    2878    8522   14359          nan
  idx_tok   mass0.05   434.69   59517   59517   59517         1.16
  idx_tok   mass0.01   451.08   59517   59517   59517         1.03
  idx_pool  max        218.38   32872   57563   59413          nan
  idx_pool  mass0.05   477.50   59517   59517   59517         1.16
  idx_pool  mass0.01   488.13   59517   59517   59517         1.04
== cal_tp0_n26_slot4_lid39_seq64295.pt T=64295 A=59517 n=8 idx-qpos offset=[-1, 838] archived mass p50/p90=0.662/0.757 need p90/max=10/11
  proxy     crit           zp  fire50  fire90 firemax fired/oracle
  sketch    max          3.15      96     453     485          nan
  sketch    mass0.05    12.89   56340   59391   59439         1.51
  sketch    mass0.01    22.74   59512   59515   59516         1.17
  idx_tok   max        140.10     756    1498    1675          nan
  idx_tok   mass0.05   252.35   53480   57326   58702         1.44
  idx_tok   mass0.01   273.31   58002   59213   59494         1.13
  idx_pool  max        145.34    2332    6613    6735          nan
  idx_pool  mass0.05   236.28   56625   59153   59444         1.50
  idx_pool  mass0.01   264.61   59372   59516   59516         1.16
== cal_tp0_n27_slot4_lid11_seq64295.pt T=64295 A=59518 n=8 idx-qpos offset=[-1, 838] archived mass p50/p90=0.786/0.853 need p90/max=5/6
  proxy     crit           zp  fire50  fire90 firemax fired/oracle
  sketch    max          0.09      17      64     119          nan
  sketch    mass0.05     8.06   59082   59377   59378         1.12
  sketch    mass0.01     9.31   59480   59506   59507         1.03
  idx_tok   max        138.15      96    1138    1765          nan
  idx_tok   mass0.05   284.11   59409   59517   59517         1.10
  idx_tok   mass0.01   295.88   59516   59517   59517         1.03
  idx_pool  max        212.28   14415   37081   41288          nan
  idx_pool  mass0.05   271.27   59515   59517   59517         1.12
  idx_pool  mass0.01   279.46   59517   59517   59517         1.03
== cal_tp0_n28_slot4_lid43_seq64295.pt T=64295 A=59518 n=8 idx-qpos offset=[-1, 838] archived mass p50/p90=0.556/0.743 need p90/max=3/9
  proxy     crit           zp  fire50  fire90 firemax fired/oracle
  sketch    max          4.13       4     160     488          nan
  sketch    mass0.05    15.23   59485   59517   59517         1.39
  sketch    mass0.01    16.34   59517   59517   59517         1.12
  idx_tok   max         99.29      18     380    1175          nan
  idx_tok   mass0.05   267.36   49295   58357   59517         1.24
  idx_tok   mass0.01   289.89   58155   59516   59517         1.09
  idx_pool  max        133.80     186    3708   10021          nan
  idx_pool  mass0.05   249.92   51286   59517   59517         1.31
  idx_pool  mass0.01   265.07   57857   59517   59517         1.10
== cal_tp0_n29_slot4_lid15_seq64295.pt T=64295 A=59518 n=8 idx-qpos offset=[-1, 838] archived mass p50/p90=0.768/0.891 need p90/max=41/42
  proxy     crit           zp  fire50  fire90 firemax fired/oracle
  sketch    max          2.16     110     200     259          nan
  sketch    mass0.05    12.86   59462   59514   59517         1.18
  sketch    mass0.01    14.02   59510   59517   59517         1.05
  idx_tok   max        262.60   58917   59490   59517          nan
  idx_tok   mass0.05   276.52   59504   59517   59517         1.17
  idx_tok   mass0.01   288.30   59517   59517   59517         1.05
  idx_pool  max        243.20   57373   59125   59517          nan
  idx_pool  mass0.05   256.52   59448   59517   59517         1.16
  idx_pool  mass0.01   265.53   59515   59517   59517         1.04
== cal_tp0_n2_slot4_lid35_seq65069.pt T=65069 A=59518 n=8 idx-qpos offset=[-65048, -1] archived mass p50/p90=0.633/0.852 need p90/max=8/19
  proxy     crit           zp  fire50  fire90 firemax fired/oracle
  sketch    max          2.14      22     182     512          nan
  sketch    mass0.05    12.66   54364   58540   59517         1.31
  sketch    mass0.01    14.09   58358   59363   59517         1.11
  idx_tok   max         77.68      35     683    1952          nan
  idx_tok   mass0.05   215.79   50398   59121   59516         1.27
  idx_tok   mass0.01   237.50   57858   59500   59517         1.10
  idx_pool  max         87.37     121    1939    6004          nan
  idx_pool  mass0.05   210.48   54260   58990   59517         1.32
  idx_pool  mass0.01   228.89   58660   59490   59517         1.12
== cal_tp0_n30_slot4_lid19_seq64295.pt T=64295 A=59519 n=8 idx-qpos offset=[-1, 838] archived mass p50/p90=0.736/0.871 need p90/max=48/65
  proxy     crit           zp  fire50  fire90 firemax fired/oracle
  sketch    max          3.64    4233    9829   10909          nan
  sketch    mass0.05    10.61   58880   59308   59464         1.51
  sketch    mass0.01    13.43   59447   59517   59518         1.15
  idx_tok   max        205.72   47503   58282   59345          nan
  idx_tok   mass0.05   229.90   58816   59518   59518         1.43
  idx_tok   mass0.01   242.50   59461   59518   59518         1.13
  idx_pool  max        186.48   47583   59334   59518          nan
  idx_pool  mass0.05   225.13   59510   59518   59518         1.51
  idx_pool  mass0.01   235.85   59518   59518   59518         1.15
== cal_tp0_n31_slot4_lid23_seq64295.pt T=64295 A=59519 n=8 idx-qpos offset=[-1, 838] archived mass p50/p90=0.567/0.819 need p90/max=32/44
  proxy     crit           zp  fire50  fire90 firemax fired/oracle
  sketch    max          2.68     106     434     920          nan
  sketch    mass0.05    13.21   59399   59500   59518         1.23
  sketch    mass0.01    15.89   59517   59518   59518         1.06
  idx_tok   max         88.97     944   19530   59469          nan
  idx_tok   mass0.05   204.00   59518   59518   59518         1.22
  idx_tok   mass0.01   215.72   59518   59518   59519         1.06
  idx_pool  max         95.71    5903   24415   59518          nan
  idx_pool  mass0.05   197.05   59518   59518   59519         1.22
  idx_pool  mass0.01   209.20   59518   59518   59519         1.06
== cal_tp0_n32_slot4_lid27_seq64295.pt T=64295 A=59518 n=8 idx-qpos offset=[-1, 838] archived mass p50/p90=0.560/0.771 need p90/max=11/19
  proxy     crit           zp  fire50  fire90 firemax fired/oracle
  sketch    max          2.19     218    1146    1362          nan
  sketch    mass0.05    11.75   59417   59513   59514         1.39
  sketch    mass0.01    13.60   59514   59517   59517         1.11
  idx_tok   max         97.09     370    2434    3224          nan
  idx_tok   mass0.05   218.59   59488   59517   59517         1.36
  idx_tok   mass0.01   232.28   59516   59517   59518         1.11
  idx_pool  max        102.28    3251   24256   28112          nan
  idx_pool  mass0.05   197.00   59112   59517   59518         1.34
  idx_pool  mass0.01   215.37   59513   59517   59518         1.11
== cal_tp0_n33_slot4_lid31_seq64295.pt T=64295 A=59518 n=8 idx-qpos offset=[-1, 838] archived mass p50/p90=0.625/0.773 need p90/max=4/5
  proxy     crit           zp  fire50  fire90 firemax fired/oracle
  sketch    max          2.61      36     111     196          nan
  sketch    mass0.05    10.62   56848   58932   59136         1.29
  sketch    mass0.01    11.45   58980   59488   59505         1.08
  idx_tok   max         78.62      94     333     539          nan
  idx_tok   mass0.05   205.05   59508   59517   59518         1.29
  idx_tok   mass0.01   221.96   59517   59517   59518         1.09
  idx_pool  max         94.07     298    1181    1736          nan
  idx_pool  mass0.05   217.93   59517   59517   59518         1.34
  idx_pool  mass0.01   234.00   59517   59517   59518         1.09
== cal_tp0_n34_slot4_lid3_seq64412.pt T=64412 A=59518 n=8 idx-qpos offset=[-54, -1] archived mass p50/p90=0.790/0.859 need p90/max=0/1
  proxy     crit           zp  fire50  fire90 firemax fired/oracle
  sketch    max          1.84      37    1193    3672          nan
  sketch    mass0.05    13.84   59311   59463   59475         1.13
  sketch    mass0.01    16.43   59517   59517   59518         1.03
  idx_tok   max        234.56   15056   46264   48684          nan
  idx_tok   mass0.05   381.68   59517   59517   59518         1.12
  idx_tok   mass0.01   391.32   59517   59517   59518         1.03
  idx_pool  max        165.23    7622   33258   56106          nan
  idx_pool  mass0.05   326.86   59517   59517   59518         1.14
  idx_pool  mass0.01   338.38   59517   59517   59518         1.04
== cal_tp0_n35_slot4_lid35_seq64412.pt T=64412 A=59517 n=8 idx-qpos offset=[-54, -1] archived mass p50/p90=0.721/0.850 need p90/max=48/54
  proxy     crit           zp  fire50  fire90 firemax fired/oracle
  sketch    max          2.44     137     263     379          nan
  sketch    mass0.05    12.48   55505   57543   58778         1.33
  sketch    mass0.01    13.99   58984   59278   59449         1.11
  idx_tok   max        106.42    1903    5597    6987          nan
  idx_tok   mass0.05   215.05   58784   59515   59516         1.40
  idx_tok   mass0.01   234.29   59478   59516   59516         1.12
  idx_pool  max         96.36    6686   18278   20870          nan
  idx_pool  mass0.05   190.22   59414   59516   59516         1.38
  idx_pool  mass0.01   207.39   59506   59516   59516         1.11
== cal_tp0_n36_slot4_lid7_seq64412.pt T=64412 A=59518 n=8 idx-qpos offset=[-54, -1] archived mass p50/p90=0.676/0.788 need p90/max=1/1
  proxy     crit           zp  fire50  fire90 firemax fired/oracle
  sketch    max          0.00       0       1       1          nan
  sketch    mass0.05    32.99   59517   59517   59518         1.17
  sketch    mass0.01    34.52   59517   59517   59518         1.04
  idx_tok   max        108.98       6     108     297          nan
  idx_tok   mass0.05   420.32   59517   59517   59518         1.16
  idx_tok   mass0.01   435.58   59517   59517   59518         1.04
  idx_pool  max        223.85    3166   50392   59486          nan
  idx_pool  mass0.05   464.05   59517   59517   59518         1.17
  idx_pool  mass0.01   474.20   59517   59517   59518         1.04
== cal_tp0_n37_slot4_lid39_seq64412.pt T=64412 A=59518 n=8 idx-qpos offset=[-54, -1] archived mass p50/p90=0.549/0.770 need p90/max=5/9
  proxy     crit           zp  fire50  fire90 firemax fired/oracle
  sketch    max          0.86      12      52     104          nan
  sketch    mass0.05    12.56   58229   59310   59343         1.50
  sketch    mass0.01    21.74   59509   59516   59517         1.21
  idx_tok   max        140.66     858    2855    5712          nan
  idx_tok   mass0.05   287.76   59344   59513   59517         1.60
  idx_tok   mass0.01   316.48   59515   59517   59517         1.19
  idx_pool  max        150.74    3406   16049   25717          nan
  idx_pool  mass0.05   264.53   59388   59517   59517         1.60
  idx_pool  mass0.01   291.88   59514   59517   59517         1.19
== cal_tp0_n38_slot4_lid11_seq64412.pt T=64412 A=59518 n=8 idx-qpos offset=[-54, -1] archived mass p50/p90=0.768/0.848 need p90/max=11/28
  proxy     crit           zp  fire50  fire90 firemax fired/oracle
  sketch    max          0.40      12      63      68          nan
  sketch    mass0.05     9.07   59286   59472   59495         1.12
  sketch    mass0.01    10.08   59467   59512   59515         1.03
  idx_tok   max        156.82     176     394     474          nan
  idx_tok   mass0.05   295.08   59510   59517   59518         1.11
  idx_tok   mass0.01   302.31   59517   59517   59518         1.02
  idx_pool  max        208.44   12207   14602   14886          nan
  idx_pool  mass0.05   318.33   59517   59517   59518         1.12
  idx_pool  mass0.01   325.95   59517   59517   59518         1.03
== cal_tp0_n39_slot4_lid43_seq64412.pt T=64412 A=59518 n=8 idx-qpos offset=[-54, -1] archived mass p50/p90=0.555/0.715 need p90/max=4/5
  proxy     crit           zp  fire50  fire90 firemax fired/oracle
  sketch    max          3.08       0      20      49          nan
  sketch    mass0.05    14.73   57322   59478   59517         1.40
  sketch    mass0.01    15.74   59054   59517   59518         1.13
  idx_tok   max        147.26     560     831    1062          nan
  idx_tok   mass0.05   272.18   54592   59088   59514         1.35
  idx_tok   mass0.01   292.12   58570   59516   59517         1.13
  idx_pool  max        121.81     216     372     563          nan
  idx_pool  mass0.05   243.68   57049   59446   59457         1.42
  idx_pool  mass0.01   260.96   59344   59517   59517         1.14
== cal_tp0_n3_slot4_lid7_seq65069.pt T=65069 A=59518 n=8 idx-qpos offset=[-65048, -1] archived mass p50/p90=0.803/0.869 need p90/max=39/96
  proxy     crit           zp  fire50  fire90 firemax fired/oracle
  sketch    max          4.97      36    4185   13382          nan
  sketch    mass0.05    31.72   59481   59517   59517         1.25
  sketch    mass0.01    40.14   59517   59517   59517         1.06
  idx_tok   max        157.12    6544   30174   45505          nan
  idx_tok   mass0.05   304.29   59354   59517   59517         1.22
  idx_tok   mass0.01   325.74   59512   59517   59517         1.06
  idx_pool  max        212.76   17004   53239   59517          nan
  idx_pool  mass0.05   341.74   59489   59517   59517         1.23
  idx_pool  mass0.01   361.89   59517   59517   59517         1.06
== cal_tp0_n40_slot4_lid15_seq64412.pt T=64412 A=59518 n=8 idx-qpos offset=[-54, -1] archived mass p50/p90=0.775/0.910 need p90/max=86/93
  proxy     crit           zp  fire50  fire90 firemax fired/oracle
  sketch    max          1.62     305     453     495          nan
  sketch    mass0.05    12.61   59366   59513   59517         1.16
  sketch    mass0.01    14.01   59500   59517   59517         1.04
  idx_tok   max        224.74   47068   57173   59344          nan
  idx_tok   mass0.05   272.50   59514   59517   59518         1.16
  idx_tok   mass0.01   283.33   59517   59517   59518         1.04
  idx_pool  max        208.97   32605   47015   55570          nan
  idx_pool  mass0.05   259.78   59517   59517   59518         1.16
  idx_pool  mass0.01   269.30   59517   59517   59518         1.04
== cal_tp0_n41_slot4_lid19_seq64412.pt T=64412 A=59519 n=8 idx-qpos offset=[-54, -1] archived mass p50/p90=0.723/0.880 need p90/max=66/79
  proxy     crit           zp  fire50  fire90 firemax fired/oracle
  sketch    max          3.81    3444    6353    8380          nan
  sketch    mass0.05    10.84   58465   58939   58945         1.51
  sketch    mass0.01    13.52   59448   59486   59510         1.16
  idx_tok   max        206.61   49332   58181   58994          nan
  idx_tok   mass0.05   222.38   58073   59487   59519         1.46
  idx_tok   mass0.01   235.53   59388   59518   59519         1.14
  idx_pool  max        181.88   54618   57062   58646          nan
  idx_pool  mass0.05   187.25   57202   58584   59395         1.45
  idx_pool  mass0.01   195.83   59114   59423   59519         1.14
== cal_tp0_n42_slot4_lid23_seq64412.pt T=64412 A=59519 n=8 idx-qpos offset=[-54, -1] archived mass p50/p90=0.581/0.854 need p90/max=81/94
  proxy     crit           zp  fire50  fire90 firemax fired/oracle
  sketch    max          3.63     368    3326    9700          nan
  sketch    mass0.05    12.31   58699   59503   59518         1.22
  sketch    mass0.01    15.18   59491   59518   59518         1.06
  idx_tok   max        150.02   48122   59062   59518          nan
  idx_tok   mass0.05   174.91   59368   59518   59518         1.23
  idx_tok   mass0.01   184.29   59514   59518   59518         1.06
  idx_pool  max        121.96   30146   54871   59518          nan
  idx_pool  mass0.05   154.07   58840   59518   59518         1.21
  idx_pool  mass0.01   162.75   59482   59518   59518         1.06
== cal_tp0_n43_slot4_lid27_seq64412.pt T=64412 A=59518 n=8 idx-qpos offset=[-54, -1] archived mass p50/p90=0.616/0.791 need p90/max=10/14
  proxy     crit           zp  fire50  fire90 firemax fired/oracle
  sketch    max          3.05    1348    2604    2785          nan
  sketch    mass0.05    13.48   59517   59517   59517         1.37
  sketch    mass0.01    15.24   59517   59517   59517         1.11
  idx_tok   max        100.79    1083    3974    5007          nan
  idx_tok   mass0.05   212.51   59434   59517   59518         1.33
  idx_tok   mass0.01   223.99   59514   59517   59518         1.10
  idx_pool  max         96.39    3544   10982   11905          nan
  idx_pool  mass0.05   190.80   59266   59517   59518         1.35
  idx_pool  mass0.01   202.59   59507   59517   59518         1.10
== cal_tp0_n44_slot4_lid31_seq64412.pt T=64412 A=59519 n=8 idx-qpos offset=[-54, -1] archived mass p50/p90=0.598/0.767 need p90/max=4/8
  proxy     crit           zp  fire50  fire90 firemax fired/oracle
  sketch    max          1.34       0      13      19          nan
  sketch    mass0.05    11.79   57608   58860   59274         1.28
  sketch    mass0.01    12.62   59226   59456   59494         1.08
  idx_tok   max         74.76      44     116     172          nan
  idx_tok   mass0.05   219.48   59170   59518   59519         1.32
  idx_tok   mass0.01   232.83   59498   59518   59519         1.09
  idx_pool  max         95.96     224     911    1059          nan
  idx_pool  mass0.05   235.84   59518   59518   59519         1.35
  idx_pool  mass0.01   248.88   59518   59518   59519         1.10
== cal_tp0_n45_slot4_lid3_seq61401.pt T=61401 A=55551 n=8 idx-qpos offset=[-1, 3074] archived mass p50/p90=0.661/0.765 need p90/max=2/5
  proxy     crit           zp  fire50  fire90 firemax fired/oracle
  sketch    max          0.38       1       5      10          nan
  sketch    mass0.05    13.20   55548   55550   55551         1.16
  sketch    mass0.01    14.63   55550   55550   55551         1.04
  idx_tok   max        115.85      29     504    1054          nan
  idx_tok   mass0.05   397.21   55550   55550   55551         1.16
  idx_tok   mass0.01   405.20   55550   55550   55551         1.04
  idx_pool  max         81.69      24      32      35          nan
  idx_pool  mass0.05   312.22   55550   55550   55551         1.16
  idx_pool  mass0.01   318.41   55550   55550   55551         1.04
== cal_tp0_n46_slot4_lid35_seq61401.pt T=61401 A=55551 n=8 idx-qpos offset=[-1, 3074] archived mass p50/p90=0.470/0.738 need p90/max=1/2
  proxy     crit           zp  fire50  fire90 firemax fired/oracle
  sketch    max          0.00       0       3       4          nan
  sketch    mass0.05    16.46   54048   55508   55534         1.46
  sketch    mass0.01    18.08   55430   55549   55550         1.15
  idx_tok   max         91.78      52     219     223          nan
  idx_tok   mass0.05   276.29   55550   55550   55550         1.59
  idx_tok   mass0.01   297.20   55550   55550   55551         1.18
  idx_pool  max        114.59     718    2941    4650          nan
  idx_pool  mass0.05   230.90   55380   55550   55550         1.58
  idx_pool  mass0.01   250.31   55546   55550   55550         1.18
== cal_tp0_n47_slot4_lid7_seq61401.pt T=61401 A=55552 n=8 idx-qpos offset=[-1, 3074] archived mass p50/p90=0.561/0.738 need p90/max=2/2
  proxy     crit           zp  fire50  fire90 firemax fired/oracle
  sketch    max          0.96       1       5       8          nan
  sketch    mass0.05    22.53   55144   55551   55551         1.12
  sketch    mass0.01    23.96   55550   55551   55551         1.03
  idx_tok   max        135.10      26     308     734          nan
  idx_tok   mass0.05   418.01   55551   55551   55552         1.15
  idx_tok   mass0.01   432.76   55551   55551   55552         1.03
  idx_pool  max        233.55    1146   27069   55551          nan
  idx_pool  mass0.05   465.38   55551   55551   55552         1.15
  idx_pool  mass0.01   473.41   55551   55551   55552         1.03
== cal_tp0_n48_slot4_lid39_seq61401.pt T=61401 A=55551 n=8 idx-qpos offset=[-1, 3074] archived mass p50/p90=0.207/0.398 need p90/max=0/0
  proxy     crit           zp  fire50  fire90 firemax fired/oracle
  sketch    max          0.00       0       0       0          nan
  sketch    mass0.05    13.38   55473   55500   55520         1.76
  sketch    mass0.01    14.61   55502   55541   55545         1.23
  idx_tok   max          0.00       0       0       0          nan
  idx_tok   mass0.05   364.14   55550   55550   55551         1.81
  idx_tok   mass0.01   396.30   55550   55550   55551         1.23
  idx_pool  max          0.00       0       0       0          nan
  idx_pool  mass0.05   343.48   55550   55550   55551         1.80
  idx_pool  mass0.01   372.80   55550   55550   55551         1.23
== cal_tp0_n49_slot4_lid11_seq61401.pt T=61401 A=55550 n=8 idx-qpos offset=[-1, 3074] archived mass p50/p90=0.654/0.837 need p90/max=123/145
  proxy     crit           zp  fire50  fire90 firemax fired/oracle
  sketch    max          0.66     522    1315    1363          nan
  sketch    mass0.05    10.51   55504   55546   55549         1.12
  sketch    mass0.01    12.09   55548   55549   55550         1.03
  idx_tok   max        279.13   55388   55549   55550          nan
  idx_tok   mass0.05   319.33   55549   55549   55550         1.12
  idx_tok   mass0.01   333.15   55549   55549   55550         1.03
  idx_pool  max        274.84   55207   55546   55549          nan
  idx_pool  mass0.05   317.89   55549   55549   55550         1.12
  idx_pool  mass0.01   327.38   55549   55549   55550         1.03
== cal_tp0_n4_slot4_lid39_seq65069.pt T=65069 A=59518 n=8 idx-qpos offset=[-65048, -1] archived mass p50/p90=0.423/0.790 need p90/max=4/11
  proxy     crit           zp  fire50  fire90 firemax fired/oracle
  sketch    max          2.09       2      34     103          nan
  sketch    mass0.05    12.58   44510   57984   59517         1.27
  sketch    mass0.01    14.19   54804   59371   59517         1.11
  idx_tok   max         94.57      25     816    2607          nan
  idx_tok   mass0.05   295.38   58695   59358   59517         1.51
  idx_tok   mass0.01   325.19   59466   59511   59517         1.17
  idx_pool  max         77.60       6     497    1539          nan
  idx_pool  mass0.05   303.56   58859   59514   59517         1.52
  idx_pool  mass0.01   328.01   59500   59517   59517         1.17
== cal_tp0_n50_slot4_lid43_seq61401.pt T=61401 A=55550 n=8 idx-qpos offset=[-1, 3074] archived mass p50/p90=0.429/0.758 need p90/max=4/8
  proxy     crit           zp  fire50  fire90 firemax fired/oracle
  sketch    max          1.36       2      21      55          nan
  sketch    mass0.05    13.12   53448   55127   55138         1.20
  sketch    mass0.01    14.06   55402   55543   55549         1.05
  idx_tok   max        140.75      93     960    1832          nan
  idx_tok   mass0.05   273.21   55532   55549   55550         1.23
  idx_tok   mass0.01   285.68   55549   55549   55550         1.06
  idx_pool  max        170.20    6285   12289   18762          nan
  idx_pool  mass0.05   247.42   55549   55549   55550         1.23
  idx_pool  mass0.01   256.80   55549   55549   55550         1.06
== cal_tp0_n51_slot4_lid15_seq61401.pt T=61401 A=55550 n=8 idx-qpos offset=[-1, 3074] archived mass p50/p90=0.390/0.828 need p90/max=42/51
  proxy     crit           zp  fire50  fire90 firemax fired/oracle
  sketch    max          2.63     114    1317    2395          nan
  sketch    mass0.05    13.44   54555   55520   55542         1.22
  sketch    mass0.01    14.69   55468   55548   55549         1.07
  idx_tok   max        181.77    2340   19946   19957          nan
  idx_tok   mass0.05   324.83   55549   55549   55549         1.25
  idx_tok   mass0.01   339.62   55549   55549   55549         1.07
  idx_pool  max        216.52   10092   40645   52290          nan
  idx_pool  mass0.05   343.44   55549   55549   55549         1.29
  idx_pool  mass0.01   356.08   55549   55549   55549         1.08
== cal_tp0_n52_slot4_lid19_seq61401.pt T=61401 A=55551 n=8 idx-qpos offset=[-1, 3074] archived mass p50/p90=0.332/0.690 need p90/max=5/10
  proxy     crit           zp  fire50  fire90 firemax fired/oracle
  sketch    max          2.78      37     333     599          nan
  sketch    mass0.05    12.93   55488   55549   55550         1.66
  sketch    mass0.01    14.54   55549   55550   55550         1.19
  idx_tok   max        115.05     178    1540    2637          nan
  idx_tok   mass0.05   266.14   55550   55550   55550         1.66
  idx_tok   mass0.01   284.37   55550   55550   55551         1.19
  idx_pool  max        123.21    1571   16682   36740          nan
  idx_pool  mass0.05   242.64   55550   55550   55550         1.66
  idx_pool  mass0.01   258.18   55550   55550   55550         1.19
== cal_tp0_n53_slot4_lid23_seq61401.pt T=61401 A=55553 n=8 idx-qpos offset=[-1, 3074] archived mass p50/p90=0.167/0.571 need p90/max=4/5
  proxy     crit           zp  fire50  fire90 firemax fired/oracle
  sketch    max          2.40      16     235     281          nan
  sketch    mass0.05    10.63   53986   55448   55552         1.30
  sketch    mass0.01    11.66   55414   55550   55552         1.09
  idx_tok   max        105.03      74     545     555          nan
  idx_tok   mass0.05   207.05   55466   55552   55553         1.31
  idx_tok   mass0.01   215.77   55552   55552   55553         1.09
  idx_pool  max        101.08     980    2223    2753          nan
  idx_pool  mass0.05   206.71   55540   55552   55553         1.37
  idx_pool  mass0.01   213.87   55552   55552   55553         1.10
== cal_tp0_n54_slot4_lid27_seq61401.pt T=61401 A=55552 n=8 idx-qpos offset=[-1, 3074] archived mass p50/p90=0.168/0.587 need p90/max=6/12
  proxy     crit           zp  fire50  fire90 firemax fired/oracle
  sketch    max          1.11       3     182     265          nan
  sketch    mass0.05    12.92   50084   55491   55551         1.74
  sketch    mass0.01    15.29   55252   55550   55551         1.24
  idx_tok   max        131.96      64   16670   54345          nan
  idx_tok   mass0.05   252.80   50342   55551   55551         2.00
  idx_tok   mass0.01   263.16   54008   55551   55551         1.27
  idx_pool  max        134.57     693   19326   55551          nan
  idx_pool  mass0.05   239.64   50418   55551   55551         1.99
  idx_pool  mass0.01   249.24   53824   55551   55551         1.25
== cal_tp0_n55_slot4_lid31_seq61401.pt T=61401 A=55553 n=8 idx-qpos offset=[-1, 3074] archived mass p50/p90=0.451/0.729 need p90/max=2/5
  proxy     crit           zp  fire50  fire90 firemax fired/oracle
  sketch    max          0.00       0     255     848          nan
  sketch    mass0.05    11.73   55455   55552   55552         1.31
  sketch    mass0.01    12.54   55548   55552   55553         1.08
  idx_tok   max        103.76      92     372     443          nan
  idx_tok   mass0.05   285.63   55552   55552   55553         1.32
  idx_tok   mass0.01   303.51   55552   55552   55553         1.08
  idx_pool  max        146.75    3682   15566   22973          nan
  idx_pool  mass0.05   295.88   55552   55552   55553         1.32
  idx_pool  mass0.01   311.83   55552   55552   55553         1.09
== cal_tp0_n56_slot4_lid3_seq62359.pt T=62359 A=59520 n=8 idx-qpos offset=[-895, -1] archived mass p50/p90=0.748/0.852 need p90/max=4/5
  proxy     crit           zp  fire50  fire90 firemax fired/oracle
  sketch    max          2.44     316    1980    2896          nan
  sketch    mass0.05    14.26   59508   59519   59519         1.15
  sketch    mass0.01    15.89   59519   59519   59520         1.03
  idx_tok   max        113.95      26    1090    1976          nan
  idx_tok   mass0.05   388.98   59519   59519   59520         1.14
  idx_tok   mass0.01   398.63   59519   59519   59520         1.03
  idx_pool  max        114.98     146    1405    1802          nan
  idx_pool  mass0.05   304.57   59519   59519   59520         1.14
  idx_pool  mass0.01   311.11   59519   59519   59520         1.03
== cal_tp0_n57_slot4_lid35_seq62359.pt T=62359 A=59519 n=8 idx-qpos offset=[-895, -1] archived mass p50/p90=0.539/0.773 need p90/max=2/2
  proxy     crit           zp  fire50  fire90 firemax fired/oracle
  sketch    max          0.00       1       9      10          nan
  sketch    mass0.05    16.90   58874   59507   59518         1.43
  sketch    mass0.01    18.54   59492   59518   59518         1.13
  idx_tok   max         71.24      28      52      58          nan
  idx_tok   mass0.05   234.77   58874   59518   59518         1.42
  idx_tok   mass0.01   252.86   59491   59518   59518         1.13
  idx_pool  max         82.27      42     414    1194          nan
  idx_pool  mass0.05   227.60   59174   59518   59518         1.43
  idx_pool  mass0.01   243.56   59516   59518   59518         1.13
== cal_tp0_n58_slot4_lid7_seq62359.pt T=62359 A=59520 n=8 idx-qpos offset=[-895, -1] archived mass p50/p90=0.566/0.780 need p90/max=2/3
  proxy     crit           zp  fire50  fire90 firemax fired/oracle
  sketch    max          0.00       0       2       5          nan
  sketch    mass0.05    33.36   59462   59519   59519         1.13
  sketch    mass0.01    34.76   59518   59519   59519         1.03
  idx_tok   max        137.92      18     254     504          nan
  idx_tok   mass0.05   402.71   59519   59519   59520         1.15
  idx_tok   mass0.01   417.99   59519   59519   59520         1.03
  idx_pool  max        176.65      24    1019    2335          nan
  idx_pool  mass0.05   442.42   59519   59519   59520         1.14
  idx_pool  mass0.01   451.02   59519   59519   59520         1.03
== cal_tp0_n59_slot4_lid39_seq62359.pt T=62359 A=59519 n=8 idx-qpos offset=[-895, -1] archived mass p50/p90=0.241/0.506 need p90/max=0/0
  proxy     crit           zp  fire50  fire90 firemax fired/oracle
  sketch    max          0.00       0       0       0          nan
  sketch    mass0.05    13.38   58414   59416   59431         1.63
  sketch    mass0.01    16.23   59494   59505   59513         1.22
  idx_tok   max          0.00       0       0       0          nan
  idx_tok   mass0.05   309.04   58238   59518   59518         1.62
  idx_tok   mass0.01   332.09   59456   59518   59518         1.20
  idx_pool  max          0.00       0       0       0          nan
  idx_pool  mass0.05   290.77   55018   59518   59518         1.55
  idx_pool  mass0.01   311.15   59104   59518   59519         1.18
== cal_tp0_n5_slot4_lid11_seq65069.pt T=65069 A=59518 n=8 idx-qpos offset=[-65048, -1] archived mass p50/p90=0.814/0.876 need p90/max=2/4
  proxy     crit           zp  fire50  fire90 firemax fired/oracle
  sketch    max          3.71       2     556     827          nan
  sketch    mass0.05    11.70   58676   59514   59517         1.11
  sketch    mass0.01    12.85   59450   59517   59517         1.03
  idx_tok   max        105.23       1     125     403          nan
  idx_tok   mass0.05   321.01   59514   59517   59517         1.11
  idx_tok   mass0.01   335.36   59517   59517   59517         1.03
  idx_pool  max        122.60       3     427    1352          nan
  idx_pool  mass0.05   313.08   59517   59517   59517         1.11
  idx_pool  mass0.01   327.24   59517   59517   59517         1.03
== cal_tp0_n60_slot4_lid11_seq62359.pt T=62359 A=59518 n=8 idx-qpos offset=[-895, -1] archived mass p50/p90=0.660/0.863 need p90/max=64/79
  proxy     crit           zp  fire50  fire90 firemax fired/oracle
  sketch    max          0.51      63    1642    2803          nan
  sketch    mass0.05    10.26   59386   59506   59508         1.11
  sketch    mass0.01    11.76   59504   59517   59517         1.03
  idx_tok   max        163.03     596    8272   12882          nan
  idx_tok   mass0.05   317.11   59517   59517   59518         1.11
  idx_tok   mass0.01   328.88   59517   59517   59518         1.03
  idx_pool  max        238.40   33636   55195   55834          nan
  idx_pool  mass0.05   319.74   59517   59517   59518         1.09
  idx_pool  mass0.01   328.38   59517   59517   59518         1.02
== cal_tp0_n61_slot4_lid43_seq62359.pt T=62359 A=59518 n=8 idx-qpos offset=[-895, -1] archived mass p50/p90=0.484/0.794 need p90/max=2/4
  proxy     crit           zp  fire50  fire90 firemax fired/oracle
  sketch    max          1.08       0       3       6          nan
  sketch    mass0.05    14.18   59376   59516   59517         1.23
  sketch    mass0.01    14.98   59508   59517   59518         1.06
  idx_tok   max        102.94      12      34      61          nan
  idx_tok   mass0.05   267.62   59196   59516   59517         1.21
  idx_tok   mass0.01   278.99   59514   59517   59518         1.06
  idx_pool  max        161.75    1292    3773    7613          nan
  idx_pool  mass0.05   241.02   58402   59517   59517         1.19
  idx_pool  mass0.01   252.21   59457   59517   59517         1.05
== cal_tp0_n62_slot4_lid15_seq62359.pt T=62359 A=59518 n=8 idx-qpos offset=[-895, -1] archived mass p50/p90=0.489/0.900 need p90/max=20/22
  proxy     crit           zp  fire50  fire90 firemax fired/oracle
  sketch    max          1.28      60     199     209          nan
  sketch    mass0.05    13.14   57760   59396   59486         1.19
  sketch    mass0.01    14.08   59267   59512   59518         1.06
  idx_tok   max        139.88     334    4026    5247          nan
  idx_tok   mass0.05   327.63   59517   59517   59518         1.24
  idx_tok   mass0.01   340.25   59517   59517   59518         1.07
  idx_pool  max        190.57    2851   12875   12986          nan
  idx_pool  mass0.05   319.67   59517   59517   59518         1.24
  idx_pool  mass0.01   329.92   59517   59517   59518         1.07
== cal_tp0_n63_slot4_lid19_seq62359.pt T=62359 A=59519 n=8 idx-qpos offset=[-895, -1] archived mass p50/p90=0.380/0.669 need p90/max=3/3
  proxy     crit           zp  fire50  fire90 firemax fired/oracle
  sketch    max          1.34       4      27      40          nan
  sketch    mass0.05    10.84   57890   59377   59518         1.64
  sketch    mass0.01    12.21   59453   59518   59518         1.19
  idx_tok   max         87.16      42      76     100          nan
  idx_tok   mass0.05   255.76   59517   59518   59518         1.72
  idx_tok   mass0.01   271.03   59518   59518   59518         1.19
  idx_pool  max         95.59     357     494     568          nan
  idx_pool  mass0.05   233.29   59390   59518   59518         1.71
  idx_pool  mass0.01   246.45   59516   59518   59518         1.19
== cal_tp0_n64_slot4_lid23_seq62359.pt T=62359 A=59519 n=8 idx-qpos offset=[-895, -1] archived mass p50/p90=0.204/0.612 need p90/max=5/6
  proxy     crit           zp  fire50  fire90 firemax fired/oracle
  sketch    max          2.17      24    1087    1980          nan
  sketch    mass0.05    10.55   58963   59486   59518         1.33
  sketch    mass0.01    11.67   59511   59517   59518         1.09
  idx_tok   max         94.22      81     213     223          nan
  idx_tok   mass0.05   196.60   57666   59518   59519         1.32
  idx_tok   mass0.01   205.11   59320   59518   59519         1.09
  idx_pool  max        104.35     969    2073    2265          nan
  idx_pool  mass0.05   191.25   58360   59518   59519         1.33
  idx_pool  mass0.01   197.65   59302   59518   59519         1.09
== cal_tp0_n65_slot4_lid27_seq62359.pt T=62359 A=59519 n=8 idx-qpos offset=[-895, -1] archived mass p50/p90=0.315/0.712 need p90/max=3/4
  proxy     crit           zp  fire50  fire90 firemax fired/oracle
  sketch    max          1.02       7      43      64          nan
  sketch    mass0.05    12.66   56400   59517   59518         1.40
  sketch    mass0.01    16.40   59514   59518   59518         1.18
  idx_tok   max        106.08      54    9325   13450          nan
  idx_tok   mass0.05   234.90   59023   59518   59518         1.57
  idx_tok   mass0.01   247.52   59504   59518   59518         1.20
  idx_pool  max        160.12    8644   59518   59518          nan
  idx_pool  mass0.05   231.28   59462   59518   59518         1.63
  idx_pool  mass0.01   242.57   59516   59518   59518         1.21
== cal_tp0_n66_slot4_lid31_seq62359.pt T=62359 A=59520 n=8 idx-qpos offset=[-895, -1] archived mass p50/p90=0.524/0.824 need p90/max=7/21
  proxy     crit           zp  fire50  fire90 firemax fired/oracle
  sketch    max          0.04       0     368    1223          nan
  sketch    mass0.05    11.22   59069   59508   59512         1.23
  sketch    mass0.01    12.12   59509   59519   59519         1.06
  idx_tok   max        103.79     112     599    1517          nan
  idx_tok   mass0.05   220.00   58815   59507   59519         1.26
  idx_tok   mass0.01   231.10   59418   59519   59519         1.07
  idx_pool  max        149.37    4066   14823   27163          nan
  idx_pool  mass0.05   225.49   59463   59519   59519         1.26
  idx_pool  mass0.01   235.09   59517   59519   59519         1.07
== cal_tp0_n67_slot4_lid3_seq64046.pt T=64046 A=59518 n=8 idx-qpos offset=[-1624, -1] archived mass p50/p90=0.823/0.889 need p90/max=80/124
  proxy     crit           zp  fire50  fire90 firemax fired/oracle
  sketch    max          4.32    1450    3320    5326          nan
  sketch    mass0.05    14.87   58302   59329   59517         1.15
  sketch    mass0.01    16.66   59356   59492   59517         1.04
  idx_tok   max        281.82   59517   59517   59518          nan
  idx_tok   mass0.05   337.62   59517   59517   59518         1.16
  idx_tok   mass0.01   352.25   59517   59517   59518         1.04
  idx_pool  max        275.80   59517   59517   59518          nan
  idx_pool  mass0.05   301.40   59517   59517   59518         1.16
  idx_pool  mass0.01   314.86   59517   59517   59518         1.04
== cal_tp0_n68_slot4_lid35_seq64046.pt T=64046 A=59518 n=8 idx-qpos offset=[-1624, -1] archived mass p50/p90=0.392/0.704 need p90/max=5/12
  proxy     crit           zp  fire50  fire90 firemax fired/oracle
  sketch    max          0.94       2      18      33          nan
  sketch    mass0.05    14.18   49194   58542   58903         1.31
  sketch    mass0.01    15.97   57035   59482   59502         1.12
  idx_tok   max         67.88       3      23      27          nan
  idx_tok   mass0.05   273.04   58131   59472   59498         1.49
  idx_tok   mass0.01   294.43   59340   59517   59518         1.16
  idx_pool  max         86.58      35     214     234          nan
  idx_pool  mass0.05   258.63   58547   59391   59433         1.48
  idx_pool  mass0.01   279.57   59401   59515   59517         1.16
== cal_tp0_n69_slot4_lid7_seq64046.pt T=64046 A=59518 n=8 idx-qpos offset=[-1624, -1] archived mass p50/p90=0.838/0.877 need p90/max=21/26
  proxy     crit           zp  fire50  fire90 firemax fired/oracle
  sketch    max          3.95      14     342     359          nan
  sketch    mass0.05    31.66   59478   59517   59517         1.22
  sketch    mass0.01    35.45   59517   59517   59517         1.06
  idx_tok   max        165.39   31328   53212   56617          nan
  idx_tok   mass0.05   249.25   59517   59517   59517         1.20
  idx_tok   mass0.01   268.13   59517   59517   59518         1.05
  idx_pool  max        225.55   59289   59517   59517          nan
  idx_pool  mass0.05   278.34   59517   59517   59518         1.20
  idx_pool  mass0.01   294.71   59517   59517   59518         1.06
== cal_tp0_n6_slot4_lid43_seq65069.pt T=65069 A=59518 n=8 idx-qpos offset=[-65048, -1] archived mass p50/p90=0.487/0.841 need p90/max=1/1
  proxy     crit           zp  fire50  fire90 firemax fired/oracle
  sketch    max          0.69       0       1       2          nan
  sketch    mass0.05    12.40   51242   57770   59517         1.18
  sketch    mass0.01    13.66   57934   59322   59517         1.06
  idx_tok   max        130.73      58     374    1001          nan
  idx_tok   mass0.05   318.41   59144   59517   59517         1.28
  idx_tok   mass0.01   338.49   59506   59517   59517         1.08
  idx_pool  max        151.28     608    2372    4287          nan
  idx_pool  mass0.05   291.98   59105   59517   59517         1.26
  idx_pool  mass0.01   309.90   59509   59517   59517         1.07
== cal_tp0_n70_slot4_lid39_seq64046.pt T=64046 A=59518 n=8 idx-qpos offset=[-1624, -1] archived mass p50/p90=0.329/0.649 need p90/max=1/3
  proxy     crit           zp  fire50  fire90 firemax fired/oracle
  sketch    max          0.69       0      16      45          nan
  sketch    mass0.05    10.39   51638   58268   58441         1.66
  sketch    mass0.01    11.47   57772   59322   59415         1.23
  idx_tok   max        132.84      41     142     164          nan
  idx_tok   mass0.05   317.65   55078   57068   57072         1.71
  idx_tok   mass0.01   341.29   58753   59150   59151         1.24
  idx_pool  max        167.39     391    2110    2167          nan
  idx_pool  mass0.05   301.38   56039   57462   57557         1.70
  idx_pool  mass0.01   322.97   58732   59282   59366         1.23
== cal_tp0_n71_slot4_lid11_seq64046.pt T=64046 A=59518 n=8 idx-qpos offset=[-1624, -1] archived mass p50/p90=0.684/0.845 need p90/max=1/1
  proxy     crit           zp  fire50  fire90 firemax fired/oracle
  sketch    max          0.00       0       4      10          nan
  sketch    mass0.05    11.26   59483   59513   59516         1.14
  sketch    mass0.01    12.35   59516   59517   59517         1.03
  idx_tok   max        116.97       6      33      59          nan
  idx_tok   mass0.05   357.23   59503   59517   59517         1.13
  idx_tok   mass0.01   370.15   59517   59517   59517         1.03
  idx_pool  max        144.02      29      55      66          nan
  idx_pool  mass0.05   345.55   59449   59517   59517         1.13
  idx_pool  mass0.01   358.32   59513   59517   59517         1.03
== cal_tp0_n72_slot4_lid43_seq64046.pt T=64046 A=59518 n=8 idx-qpos offset=[-1624, -1] archived mass p50/p90=0.392/0.775 need p90/max=2/3
  proxy     crit           zp  fire50  fire90 firemax fired/oracle
  sketch    max          1.11       0       7      20          nan
  sketch    mass0.05    10.29   53787   58433   59517         1.20
  sketch    mass0.01    11.23   58554   59402   59517         1.06
  idx_tok   max        142.49      22      69     147          nan
  idx_tok   mass0.05   296.46   53856   56415   59494         1.17
  idx_tok   mass0.01   315.02   58641   59182   59517         1.06
  idx_pool  max        161.49     466     785     902          nan
  idx_pool  mass0.05   275.26   55868   58611   59401         1.20
  idx_pool  mass0.01   291.81   58974   59479   59501         1.06
== cal_tp0_n73_slot4_lid15_seq64046.pt T=64046 A=59518 n=8 idx-qpos offset=[-1624, -1] archived mass p50/p90=0.440/0.716 need p90/max=4/5
  proxy     crit           zp  fire50  fire90 firemax fired/oracle
  sketch    max          3.28       6      68     171          nan
  sketch    mass0.05    13.15   57474   59430   59477         1.31
  sketch    mass0.01    14.34   59322   59516   59516         1.09
  idx_tok   max        154.10      48     676     780          nan
  idx_tok   mass0.05   329.30   58410   59517   59517         1.33
  idx_tok   mass0.01   346.55   59450   59517   59517         1.09
  idx_pool  max        157.53      96    1025    1442          nan
  idx_pool  mass0.05   350.16   59514   59517   59517         1.36
  idx_pool  mass0.01   366.31   59517   59517   59518         1.09
== cal_tp0_n74_slot4_lid19_seq64046.pt T=64046 A=59518 n=8 idx-qpos offset=[-1624, -1] archived mass p50/p90=0.472/0.768 need p90/max=21/39
  proxy     crit           zp  fire50  fire90 firemax fired/oracle
  sketch    max          2.69      25     619    1944          nan
  sketch    mass0.05    11.23   57328   59200   59237         1.54
  sketch    mass0.01    13.64   59466   59507   59515         1.18
  idx_tok   max        109.38      70     915    2265          nan
  idx_tok   mass0.05   277.63   57504   59517   59517         1.50
  idx_tok   mass0.01   294.82   59408   59517   59517         1.17
  idx_pool  max        128.64    1195    7834   14299          nan
  idx_pool  mass0.05   256.67   57736   59517   59517         1.51
  idx_pool  mass0.01   269.38   59377   59517   59517         1.16
== cal_tp0_n75_slot4_lid23_seq64046.pt T=64046 A=59518 n=8 idx-qpos offset=[-1624, -1] archived mass p50/p90=0.302/0.703 need p90/max=12/34
  proxy     crit           zp  fire50  fire90 firemax fired/oracle
  sketch    max          2.53       6     186     557          nan
  sketch    mass0.05    10.06   58880   59392   59402         1.30
  sketch    mass0.01    11.23   59463   59506   59507         1.09
  idx_tok   max        108.80      72    1443    3817          nan
  idx_tok   mass0.05   249.20   59510   59517   59517         1.33
  idx_tok   mass0.01   259.36   59517   59517   59518         1.09
  idx_pool  max         93.47     145    3077    7401          nan
  idx_pool  mass0.05   243.98   59517   59517   59518         1.33
  idx_pool  mass0.01   253.08   59517   59517   59518         1.09
== cal_tp0_n76_slot4_lid27_seq64046.pt T=64046 A=59518 n=8 idx-qpos offset=[-1624, -1] archived mass p50/p90=0.334/0.625 need p90/max=17/51
  proxy     crit           zp  fire50  fire90 firemax fired/oracle
  sketch    max          1.34       4      85     264          nan
  sketch    mass0.05    12.63   57342   59367   59507         1.71
  sketch    mass0.01    14.12   59297   59516   59517         1.23
  idx_tok   max        103.32      68     221     484          nan
  idx_tok   mass0.05   278.74   58946   59515   59517         1.79
  idx_tok   mass0.01   297.31   59482   59517   59517         1.25
  idx_pool  max        107.13     264     841    1646          nan
  idx_pool  mass0.05   263.36   59232   59511   59517         1.77
  idx_pool  mass0.01   281.61   59498   59517   59517         1.24
== cal_tp0_n77_slot4_lid31_seq64046.pt T=64046 A=59518 n=8 idx-qpos offset=[-1624, -1] archived mass p50/p90=0.272/0.657 need p90/max=1/2
  proxy     crit           zp  fire50  fire90 firemax fired/oracle
  sketch    max          0.91       0       2       3          nan
  sketch    mass0.05    13.39   58838   59211   59227         1.44
  sketch    mass0.01    14.53   59487   59506   59512         1.12
  idx_tok   max        105.36      19      31      36          nan
  idx_tok   mass0.05   250.48   49759   55248   59062         1.32
  idx_tok   mass0.01   268.48   57663   58882   59514         1.11
  idx_pool  max         92.99       6      23      24          nan
  idx_pool  mass0.05   256.41   56394   59112   59517         1.46
  idx_pool  mass0.01   271.41   59018   59486   59517         1.13
== cal_tp0_n78_slot4_lid3_seq64108.pt T=64108 A=59518 n=8 idx-qpos offset=[-1, 1] archived mass p50/p90=0.838/0.880 need p90/max=20/38
  proxy     crit           zp  fire50  fire90 firemax fired/oracle
  sketch    max          5.77    9297   11498   11603          nan
  sketch    mass0.05    11.80   57140   58944   59344         1.15
  sketch    mass0.01    13.53   59174   59473   59515         1.04
  idx_tok   max        271.65   39172   58535   59514          nan
  idx_tok   mass0.05   390.83   59517   59517   59518         1.16
  idx_tok   mass0.01   424.91   59517   59517   59518         1.05
  idx_pool  max        233.37   47329   59357   59517          nan
  idx_pool  mass0.05   370.15   59517   59517   59518         1.17
  idx_pool  mass0.01   404.20   59517   59517   59518         1.05
== cal_tp0_n79_slot4_lid35_seq64108.pt T=64108 A=59518 n=8 idx-qpos offset=[-1, 1] archived mass p50/p90=0.800/0.931 need p90/max=75/184
  proxy     crit           zp  fire50  fire90 firemax fired/oracle
  sketch    max          3.01      81     621    1542          nan
  sketch    mass0.05    13.42   56260   59151   59160         1.59
  sketch    mass0.01    15.43   59318   59511   59512         1.21
  idx_tok   max         98.36     602    2437    6046          nan
  idx_tok   mass0.05   230.61   51575   57070   57255         1.58
  idx_tok   mass0.01   255.86   58228   59203   59333         1.21
  idx_pool  max         92.65     908    5085   13649          nan
  idx_pool  mass0.05   214.28   50753   55388   58735         1.58
  idx_pool  mass0.01   238.17   57722   59061   59438         1.22
== cal_tp0_n7_slot4_lid15_seq65069.pt T=65069 A=59518 n=8 idx-qpos offset=[-65048, -1] archived mass p50/p90=0.614/0.821 need p90/max=13/29
  proxy     crit           zp  fire50  fire90 firemax fired/oracle
  sketch    max          4.03      58    1211    3560          nan
  sketch    mass0.05    13.49   53842   59041   59517         1.19
  sketch    mass0.01    14.87   58822   59490   59517         1.06
  idx_tok   max        170.76    1062   17629   55290          nan
  idx_tok   mass0.05   333.41   59517   59517   59517         1.26
  idx_tok   mass0.01   355.14   59517   59517   59517         1.07
  idx_pool  max        179.09    3182   20212   51741          nan
  idx_pool  mass0.05   325.76   59517   59517   59517         1.25
  idx_pool  mass0.01   344.14   59517   59517   59517         1.07
== cal_tp0_n80_slot4_lid7_seq64108.pt T=64108 A=59518 n=8 idx-qpos offset=[-1, 1] archived mass p50/p90=0.830/0.869 need p90/max=15/20
  proxy     crit           zp  fire50  fire90 firemax fired/oracle
  sketch    max          5.68     338     685    1088          nan
  sketch    mass0.05    26.67   59476   59517   59517         1.21
  sketch    mass0.01    29.74   59517   59517   59518         1.06
  idx_tok   max        184.41   10381   33434   54383          nan
  idx_tok   mass0.05   270.03   57650   59501   59517         1.16
  idx_tok   mass0.01   290.01   59197   59516   59517         1.05
  idx_pool  max        248.47   34513   54870   59517          nan
  idx_pool  mass0.05   315.37   59336   59517   59517         1.19
  idx_pool  mass0.01   336.08   59507   59517   59518         1.06
== cal_tp0_n81_slot4_lid39_seq64108.pt T=64108 A=59518 n=8 idx-qpos offset=[-1, 1] archived mass p50/p90=0.606/0.790 need p90/max=4/5
  proxy     crit           zp  fire50  fire90 firemax fired/oracle
  sketch    max          2.33       6      97     199          nan
  sketch    mass0.05    11.92   42850   53247   59138         1.53
  sketch    mass0.01    13.20   54958   58414   59500         1.21
  idx_tok   max         96.72      26      91      97          nan
  idx_tok   mass0.05   283.47   37662   52540   53665         1.39
  idx_tok   mass0.01   316.82   52324   58410   58906         1.17
  idx_pool  max        135.30     443    1271    2325          nan
  idx_pool  mass0.05   268.28   38606   49073   55711         1.39
  idx_pool  mass0.01   300.70   52300   58117   59271         1.17
== cal_tp0_n82_slot4_lid11_seq64108.pt T=64108 A=59518 n=8 idx-qpos offset=[-1, 1] archived mass p50/p90=0.799/0.876 need p90/max=7/8
  proxy     crit           zp  fire50  fire90 firemax fired/oracle
  sketch    max          2.80     612   16326   21520          nan
  sketch    mass0.05    12.24   59517   59517   59518         1.11
  sketch    mass0.01    13.04   59517   59517   59518         1.03
  idx_tok   max        303.49   59407   59517   59518          nan
  idx_tok   mass0.05   333.74   59517   59517   59518         1.10
  idx_tok   mass0.01   347.96   59517   59517   59518         1.02
  idx_pool  max        300.87   59414   59517   59517          nan
  idx_pool  mass0.05   325.70   59517   59517   59518         1.09
  idx_pool  mass0.01   338.51   59517   59517   59518         1.02
== cal_tp0_n83_slot4_lid43_seq64108.pt T=64108 A=59518 n=8 idx-qpos offset=[-1, 1] archived mass p50/p90=0.642/0.869 need p90/max=8/12
  proxy     crit           zp  fire50  fire90 firemax fired/oracle
  sketch    max          2.99      26      96     186          nan
  sketch    mass0.05     9.89   56999   58601   59494         1.23
  sketch    mass0.01    10.72   59122   59428   59517         1.07
  idx_tok   max        152.45     684    1888    3250          nan
  idx_tok   mass0.05   286.58   59449   59513   59516         1.27
  idx_tok   mass0.01   308.10   59517   59517   59517         1.08
  idx_pool  max        140.40    1320    2055    2058          nan
  idx_pool  mass0.05   248.91   59066   59342   59505         1.27
  idx_pool  mass0.01   268.53   59505   59511   59517         1.08
== cal_tp0_n84_slot4_lid15_seq64108.pt T=64108 A=59518 n=8 idx-qpos offset=[-1, 1] archived mass p50/p90=0.748/0.906 need p90/max=32/42
  proxy     crit           zp  fire50  fire90 firemax fired/oracle
  sketch    max          3.15     304     542     624          nan
  sketch    mass0.05    12.08   53509   58454   59268         1.22
  sketch    mass0.01    13.05   58536   59407   59510         1.07
  idx_tok   max        161.65     920    5337   12500          nan
  idx_tok   mass0.05   311.13   59516   59517   59518         1.31
  idx_tok   mass0.01   326.75   59517   59517   59518         1.09
  idx_pool  max        185.50    4406   23428   36608          nan
  idx_pool  mass0.05   357.77   59517   59517   59518         1.31
  idx_pool  mass0.01   371.38   59517   59517   59518         1.09
== cal_tp0_n85_slot4_lid19_seq64108.pt T=64108 A=59518 n=8 idx-qpos offset=[-1, 1] archived mass p50/p90=0.788/0.894 need p90/max=67/75
  proxy     crit           zp  fire50  fire90 firemax fired/oracle
  sketch    max          2.99    1110    2152    2443          nan
  sketch    mass0.05     9.45   53203   57538   58143         1.67
  sketch    mass0.01    11.65   59267   59416   59433         1.28
  idx_tok   max        157.05    9861   14567   15482          nan
  idx_tok   mass0.05   259.80   59490   59517   59518         1.81
  idx_tok   mass0.01   277.15   59517   59517   59518         1.27
  idx_pool  max        160.17   19292   36467   39413          nan
  idx_pool  mass0.05   246.92   59517   59517   59518         1.82
  idx_pool  mass0.01   263.30   59517   59517   59518         1.27
== cal_tp0_n86_slot4_lid23_seq64108.pt T=64108 A=59518 n=8 idx-qpos offset=[-1, 1] archived mass p50/p90=0.751/0.909 need p90/max=114/155
  proxy     crit           zp  fire50  fire90 firemax fired/oracle
  sketch    max          3.30     974    1876    1882          nan
  sketch    mass0.05     9.18   56490   58684   58853         1.30
  sketch    mass0.01    10.57   59194   59466   59478         1.10
  idx_tok   max        135.27   10564   23511   42923          nan
  idx_tok   mass0.05   214.54   59146   59503   59518         1.30
  idx_tok   mass0.01   232.03   59514   59517   59518         1.09
  idx_pool  max        125.23   11300   34402   46992          nan
  idx_pool  mass0.05   193.34   58783   59514   59518         1.29
  idx_pool  mass0.01   211.00   59509   59517   59518         1.09
== cal_tp0_n87_slot4_lid27_seq64108.pt T=64108 A=59518 n=8 idx-qpos offset=[-1, 1] archived mass p50/p90=0.762/0.926 need p90/max=84/127
  proxy     crit           zp  fire50  fire90 firemax fired/oracle
  sketch    max          2.94     300    1129    2083          nan
  sketch    mass0.05    10.81   46029   55289   57766         1.64
  sketch    mass0.01    12.01   54312   58678   59215         1.22
  idx_tok   max        117.06     509    2387    3445          nan
  idx_tok   mass0.05   241.65   52283   58832   58902         1.64
  idx_tok   mass0.01   265.86   58485   59506   59516         1.24
  idx_pool  max        125.38    1932    8118   11183          nan
  idx_pool  mass0.05   234.94   56088   59472   59502         1.69
  idx_pool  mass0.01   256.68   59207   59517   59518         1.23
== cal_tp0_n88_slot4_lid31_seq64108.pt T=64108 A=59518 n=8 idx-qpos offset=[-1, 1] archived mass p50/p90=0.741/0.911 need p90/max=26/39
  proxy     crit           zp  fire50  fire90 firemax fired/oracle
  sketch    max          1.05      26      57      68          nan
  sketch    mass0.05    13.23   57312   59482   59489         1.33
  sketch    mass0.01    14.61   59332   59516   59516         1.11
  idx_tok   max        139.72    2082    6928   11889          nan
  idx_tok   mass0.05   246.82   58928   59509   59513         1.35
  idx_tok   mass0.01   266.38   59500   59517   59518         1.11
  idx_pool  max        124.92    1216    2489    4365          nan
  idx_pool  mass0.05   226.10   57072   58655   59155         1.34
  idx_pool  mass0.01   245.74   59386   59506   59517         1.11
== cal_tp0_n89_slot4_lid3_seq7966.pt T=7966 A=3968 n=8 idx-qpos offset=[-1, 56205] archived mass p50/p90=0.367/0.443 need p90/max=3/4
  proxy     crit           zp  fire50  fire90 firemax fired/oracle
  sketch    max          0.87       6      20      24          nan
  sketch    mass0.05    11.32    3967    3967    3968         1.21
  sketch    mass0.01    11.85    3967    3967    3968         1.04
  idx_tok   max         74.77      16      40      66          nan
  idx_tok   mass0.05   317.68    3967    3967    3968         1.20
  idx_tok   mass0.01   326.33    3967    3967    3968         1.04
  idx_pool  max         76.14      29      63     113          nan
  idx_pool  mass0.05   255.35    3967    3967    3968         1.19
  idx_pool  mass0.01   261.51    3967    3967    3968         1.04
== cal_tp0_n8_slot4_lid19_seq65069.pt T=65069 A=59518 n=8 idx-qpos offset=[-65048, -1] archived mass p50/p90=0.463/0.823 need p90/max=15/40
  proxy     crit           zp  fire50  fire90 firemax fired/oracle
  sketch    max          3.87     144    1035    2912          nan
  sketch    mass0.05    13.49   55468   59502   59515         1.55
  sketch    mass0.01    16.92   59428   59517   59518         1.20
  idx_tok   max        111.15     126    3055    9574          nan
  idx_tok   mass0.05   255.36   58936   59413   59517         1.55
  idx_tok   mass0.01   274.37   59494   59516   59517         1.18
  idx_pool  max        111.67     911    4946   13334          nan
  idx_pool  mass0.05   231.79   58482   59427   59517         1.53
  idx_pool  mass0.01   249.70   59466   59517   59517         1.18
== cal_tp0_n90_slot4_lid35_seq7966.pt T=7966 A=3966 n=8 idx-qpos offset=[-1, 56205] archived mass p50/p90=0.440/0.625 need p90/max=13/22
  proxy     crit           zp  fire50  fire90 firemax fired/oracle
  sketch    max          0.41       8      64     105          nan
  sketch    mass0.05    10.92    3050    3600    3673         1.47
  sketch    mass0.01    12.82    3828    3899    3908         1.18
  idx_tok   max         86.30     272     455     468          nan
  idx_tok   mass0.05   168.11    3618    3962    3963         1.66
  idx_tok   mass0.01   195.76    3956    3965    3965         1.22
  idx_pool  max        114.54    1310    2580    2651          nan
  idx_pool  mass0.05   159.57    3772    3965    3965         1.78
  idx_pool  mass0.01   177.63    3955    3965    3965         1.24
== cal_tp0_n91_slot4_lid7_seq7966.pt T=7966 A=3967 n=8 idx-qpos offset=[-1, 56205] archived mass p50/p90=0.350/0.474 need p90/max=7/8
  proxy     crit           zp  fire50  fire90 firemax fired/oracle
  sketch    max          0.57       8      15      16          nan
  sketch    mass0.05    27.07    3945    3966    3967         1.28
  sketch    mass0.01    30.72    3966    3966    3967         1.05
  idx_tok   max        232.49    1982    3756    3965          nan
  idx_tok   mass0.05   394.47    3966    3966    3967         1.33
  idx_tok   mass0.01   420.84    3966    3966    3967         1.07
  idx_pool  max        301.96    3954    3966    3967          nan
  idx_pool  mass0.05   436.92    3966    3966    3967         1.32
  idx_pool  mass0.01   448.71    3966    3966    3967         1.06
== cal_tp0_n92_slot4_lid39_seq7966.pt T=7966 A=3967 n=8 idx-qpos offset=[-1, 56205] archived mass p50/p90=0.215/0.428 need p90/max=1/1
  proxy     crit           zp  fire50  fire90 firemax fired/oracle
  sketch    max          3.70      13      36      61          nan
  sketch    mass0.05    10.14    3604    3864    3921         2.17
  sketch    mass0.01    11.61    3954    3963    3964         1.34
  idx_tok   max         45.36       1       2       3          nan
  idx_tok   mass0.05   250.90    3774    3966    3966         2.18
  idx_tok   mass0.01   284.56    3966    3966    3966         1.32
  idx_pool  max        104.30      54     110     165          nan
  idx_pool  mass0.05   248.02    3936    3966    3966         2.25
  idx_pool  mass0.01   274.71    3966    3966    3966         1.33
== cal_tp0_n93_slot4_lid11_seq7966.pt T=7966 A=3966 n=8 idx-qpos offset=[-1, 56205] archived mass p50/p90=0.347/0.626 need p90/max=16/16
  proxy     crit           zp  fire50  fire90 firemax fired/oracle
  sketch    max          0.33      12      68     102          nan
  sketch    mass0.05     9.99    3941    3963    3964         1.25
  sketch    mass0.01    11.56    3964    3965    3965         1.06
  idx_tok   max        130.55     228     310     332          nan
  idx_tok   mass0.05   243.55    3962    3965    3966         1.24
  idx_tok   mass0.01   254.73    3965    3965    3966         1.05
  idx_pool  max        189.06     907    1415    1521          nan
  idx_pool  mass0.05   269.59    3965    3965    3966         1.24
  idx_pool  mass0.01   278.20    3965    3965    3966         1.05
== cal_tp0_n94_slot4_lid43_seq7966.pt T=7966 A=3966 n=8 idx-qpos offset=[-1, 56205] archived mass p50/p90=0.349/0.540 need p90/max=5/12
  proxy     crit           zp  fire50  fire90 firemax fired/oracle
  sketch    max          1.24       2      15      44          nan
  sketch    mass0.05    11.90    3918    3965    3966         1.46
  sketch    mass0.01    12.51    3952    3965    3966         1.11
  idx_tok   max         81.72      13      49      54          nan
  idx_tok   mass0.05   218.65    3655    3907    3908         1.35
  idx_tok   mass0.01   231.34    3938    3965    3965         1.11
  idx_pool  max        130.55     518     808    1011          nan
  idx_pool  mass0.05   209.78    3965    3965    3965         1.45
  idx_pool  mass0.01   216.22    3965    3965    3965         1.11
== cal_tp0_n95_slot4_lid15_seq7966.pt T=7966 A=3966 n=8 idx-qpos offset=[-1, 56205] archived mass p50/p90=0.389/0.754 need p90/max=32/40
  proxy     crit           zp  fire50  fire90 firemax fired/oracle
  sketch    max          1.89     172     365     441          nan
  sketch    mass0.05    10.47    3880    3941    3958         1.33
  sketch    mass0.01    11.56    3962    3964    3965         1.09
  idx_tok   max        121.33     178     353     449          nan
  idx_tok   mass0.05   262.54    3965    3965    3966         1.42
  idx_tok   mass0.01   279.51    3965    3965    3966         1.11
  idx_pool  max        172.73     808    1478    1503          nan
  idx_pool  mass0.05   260.47    3965    3965    3966         1.42
  idx_pool  mass0.01   275.65    3965    3965    3966         1.11
== cal_tp0_n96_slot4_lid19_seq7966.pt T=7966 A=3967 n=8 idx-qpos offset=[-1, 56205] archived mass p50/p90=0.483/0.702 need p90/max=35/46
  proxy     crit           zp  fire50  fire90 firemax fired/oracle
  sketch    max          3.56     127    1196    1386          nan
  sketch    mass0.05     9.99    3930    3966    3967         1.88
  sketch    mass0.01    12.00    3966    3966    3967         1.26
  idx_tok   max        119.53     305    1659    2886          nan
  idx_tok   mass0.05   189.69    2902    3962    3966         1.46
  idx_tok   mass0.01   210.83    3812    3966    3967         1.19
  idx_pool  max        119.06     772    2173    3846          nan
  idx_pool  mass0.05   178.10    3456    3942    3966         1.70
  idx_pool  mass0.01   196.97    3920    3966    3967         1.23
== cal_tp0_n97_slot4_lid23_seq7966.pt T=7966 A=3966 n=8 idx-qpos offset=[-1, 56205] archived mass p50/p90=0.387/0.605 need p90/max=18/24
  proxy     crit           zp  fire50  fire90 firemax fired/oracle
  sketch    max          3.44     264     550     843          nan
  sketch    mass0.05     8.79    3892    3957    3961         1.36
  sketch    mass0.01     9.93    3957    3964    3964         1.10
  idx_tok   max        128.98    2083    3918    3965          nan
  idx_tok   mass0.05   184.16    3965    3965    3966         1.46
  idx_tok   mass0.01   195.47    3965    3965    3966         1.12
  idx_pool  max        110.60    1685    3586    3961          nan
  idx_pool  mass0.05   159.19    3835    3965    3966         1.39
  idx_pool  mass0.01   175.22    3965    3965    3966         1.12
== cal_tp0_n98_slot4_lid27_seq7966.pt T=7966 A=3966 n=8 idx-qpos offset=[-1, 56205] archived mass p50/p90=0.358/0.620 need p90/max=6/8
  proxy     crit           zp  fire50  fire90 firemax fired/oracle
  sketch    max          0.52      22      76     105          nan
  sketch    mass0.05    10.56    3935    3965    3965         1.80
  sketch    mass0.01    13.19    3965    3965    3966         1.23
  idx_tok   max        134.79     814    2778    3965          nan
  idx_tok   mass0.05   222.01    3965    3965    3965         1.90
  idx_tok   mass0.01   242.22    3965    3965    3965         1.26
  idx_pool  max        148.98    2407    3959    3965          nan
  idx_pool  mass0.05   212.59    3965    3965    3965         1.93
  idx_pool  mass0.01   232.46    3965    3965    3965         1.27
== cal_tp0_n99_slot4_lid31_seq7966.pt T=7966 A=3967 n=8 idx-qpos offset=[-1, 56205] archived mass p50/p90=0.335/0.589 need p90/max=16/39
  proxy     crit           zp  fire50  fire90 firemax fired/oracle
  sketch    max          1.31      16      92     230          nan
  sketch    mass0.05     9.96    3876    3923    3955         1.59
  sketch    mass0.01    11.18    3963    3965    3966         1.16
  idx_tok   max        111.72     336     652     784          nan
  idx_tok   mass0.05   194.53    3868    3965    3966         1.59
  idx_tok   mass0.01   217.62    3964    3966    3966         1.16
  idx_pool  max        136.31    1485    2523    3384          nan
  idx_pool  mass0.05   172.13    3694    3927    3966         1.44
  idx_pool  mass0.01   195.25    3958    3966    3966         1.14
== cal_tp0_n9_slot4_lid23_seq65069.pt T=65069 A=59518 n=8 idx-qpos offset=[-65048, -1] archived mass p50/p90=0.282/0.773 need p90/max=10/16
  proxy     crit           zp  fire50  fire90 firemax fired/oracle
  sketch    max          2.16      26     122     294          nan
  sketch    mass0.05     8.77   55800   58587   58926         1.27
  sketch    mass0.01     9.87   59040   59412   59433         1.09
  idx_tok   max         94.78      41    1566    4836          nan
  idx_tok   mass0.05   250.30   59487   59516   59517         1.33
  idx_tok   mass0.01   265.77   59516   59517   59517         1.10
  idx_pool  max         90.08     188    1080    2769          nan
  idx_pool  mass0.05   224.39   59157   59509   59517         1.30
  idx_pool  mass0.01   237.96   59507   59517   59517         1.09
== cal_tp1_n100_slot4_lid3_seq7934.pt T=7934 A=3968 n=8 idx-qpos offset=[-1, 95] archived mass p50/p90=0.264/0.399 need p90/max=5/5
  proxy     crit           zp  fire50  fire90 firemax fired/oracle
  sketch    max          0.17       5       8       9          nan
  sketch    mass0.05    14.46    3962    3967    3967         1.27
  sketch    mass0.01    16.08    3967    3967    3968         1.05
  idx_tok   max        185.42      22      42      57          nan
  idx_tok   mass0.05   362.25    3838    3967    3967         1.24
  idx_tok   mass0.01   370.39    3944    3967    3967         1.04
  idx_pool  max        141.91      21      33      33          nan
  idx_pool  mass0.05   343.64    3967    3967    3967         1.26
  idx_pool  mass0.01   352.62    3967    3967    3967         1.05
== cal_tp1_n101_slot4_lid35_seq7934.pt T=7934 A=3966 n=8 idx-qpos offset=[-1, 95] archived mass p50/p90=0.249/0.495 need p90/max=5/7
  proxy     crit           zp  fire50  fire90 firemax fired/oracle
  sketch    max          2.98       8     109     145          nan
  sketch    mass0.05    10.01    3322    3926    3953         2.28
  sketch    mass0.01    13.29    3964    3965    3965         1.43
  idx_tok   max         40.95       5      14      29          nan
  idx_tok   mass0.05   172.67    2005    3660    3965         1.61
  idx_tok   mass0.01   196.70    3653    3959    3965         1.27
  idx_pool  max         54.19      14      58     133          nan
  idx_pool  mass0.05   172.87    3219    3868    3965         2.15
  idx_pool  mass0.01   196.37    3918    3965    3965         1.36
== cal_tp1_n102_slot4_lid7_seq7934.pt T=7934 A=3967 n=8 idx-qpos offset=[-1, 95] archived mass p50/p90=0.248/0.387 need p90/max=1/1
  proxy     crit           zp  fire50  fire90 firemax fired/oracle
  sketch    max          0.19       0       1       1          nan
  sketch    mass0.05    17.48    3959    3966    3966         1.26
  sketch    mass0.01    18.69    3966    3966    3967         1.06
  idx_tok   max        134.50       5      15      27          nan
  idx_tok   mass0.05   359.04    3964    3966    3966         1.27
  idx_tok   mass0.01   376.95    3966    3966    3966         1.06
  idx_pool  max        185.91      17      47      61          nan
  idx_pool  mass0.05   392.69    3966    3966    3966         1.28
  idx_pool  mass0.01   406.26    3966    3966    3966         1.06
== cal_tp1_n103_slot4_lid39_seq7934.pt T=7934 A=3967 n=8 idx-qpos offset=[-1, 95] archived mass p50/p90=0.107/0.227 need p90/max=1/2
  proxy     crit           zp  fire50  fire90 firemax fired/oracle
  sketch    max          1.02       0       2       6          nan
  sketch    mass0.05    10.21    2804    3401    3663         2.86
  sketch    mass0.01    12.53    3880    3961    3962         1.50
  idx_tok   max         57.60       3       6       7          nan
  idx_tok   mass0.05   226.32    2467    3708    3958         3.04
  idx_tok   mass0.01   248.51    3707    3955    3966         1.42
  idx_pool  max         83.34      11      20      29          nan
  idx_pool  mass0.05   234.80    3542    3743    3966         3.65
  idx_pool  mass0.01   253.78    3942    3958    3966         1.49
== cal_tp1_n104_slot4_lid11_seq7934.pt T=7934 A=3966 n=8 idx-qpos offset=[-1, 95] archived mass p50/p90=0.348/0.496 need p90/max=3/4
  proxy     crit           zp  fire50  fire90 firemax fired/oracle
  sketch    max          2.63       3     119     386          nan
  sketch    mass0.05    12.42    3551    3840    3965         1.22
  sketch    mass0.01    13.12    3909    3952    3965         1.06
  idx_tok   max         88.76      12      12      13          nan
  idx_tok   mass0.05   265.77    3754    3957    3965         1.26
  idx_tok   mass0.01   276.91    3944    3964    3965         1.06
  idx_pool  max        127.47      20      21      24          nan
  idx_pool  mass0.05   291.06    3901    3965    3965         1.28
  idx_pool  mass0.01   299.71    3957    3965    3965         1.06
== cal_tp1_n105_slot4_lid43_seq7934.pt T=7934 A=3966 n=8 idx-qpos offset=[-1, 95] archived mass p50/p90=0.179/0.354 need p90/max=2/3
  proxy     crit           zp  fire50  fire90 firemax fired/oracle
  sketch    max          1.96       3       7       8          nan
  sketch    mass0.05     9.76    3962    3965    3965         1.79
  sketch    mass0.01    10.35    3965    3965    3966         1.18
  idx_tok   max         78.40       2       7       7          nan
  idx_tok   mass0.05   225.02    3629    3885    3961         1.61
  idx_tok   mass0.01   237.51    3952    3965    3965         1.17
  idx_pool  max         92.13      12      19      25          nan
  idx_pool  mass0.05   217.97    3961    3965    3965         1.76
  idx_pool  mass0.01   228.43    3965    3965    3965         1.17
== cal_tp1_n106_slot4_lid15_seq7934.pt T=7934 A=3966 n=8 idx-qpos offset=[-1, 95] archived mass p50/p90=0.127/0.375 need p90/max=1/2
  proxy     crit           zp  fire50  fire90 firemax fired/oracle
  sketch    max          2.84       2       7      10          nan
  sketch    mass0.05    10.25    3835    3881    3896         1.44
  sketch    mass0.01    11.28    3946    3957    3962         1.11
  idx_tok   max         72.02       2       7       8          nan
  idx_tok   mass0.05   307.96    3964    3965    3965         1.47
  idx_tok   mass0.01   326.23    3965    3965    3965         1.11
  idx_pool  max        137.09      14      32      38          nan
  idx_pool  mass0.05   341.71    3965    3965    3965         1.46
  idx_pool  mass0.01   354.13    3965    3965    3965         1.11
== cal_tp1_n107_slot4_lid19_seq7934.pt T=7934 A=3967 n=8 idx-qpos offset=[-1, 95] archived mass p50/p90=0.312/0.537 need p90/max=29/51
  proxy     crit           zp  fire50  fire90 firemax fired/oracle
  sketch    max          3.31      72     374     849          nan
  sketch    mass0.05     9.08    3838    3965    3966         2.29
  sketch    mass0.01    10.12    3952    3966    3966         1.34
  idx_tok   max         94.63      54     212     368          nan
  idx_tok   mass0.05   256.90    3966    3966    3966         2.30
  idx_tok   mass0.01   279.70    3966    3966    3966         1.35
  idx_pool  max        117.32     310     854    1222          nan
  idx_pool  mass0.05   260.34    3966    3966    3966         2.41
  idx_pool  mass0.01   280.70    3966    3966    3966         1.36
== cal_tp1_n108_slot4_lid23_seq7934.pt T=7934 A=3966 n=8 idx-qpos offset=[-1, 95] archived mass p50/p90=0.245/0.481 need p90/max=5/13
  proxy     crit           zp  fire50  fire90 firemax fired/oracle
  sketch    max          3.16      29     532     584          nan
  sketch    mass0.05     8.47    3854    3964    3965         1.71
  sketch    mass0.01     9.55    3960    3965    3965         1.18
  idx_tok   max         47.50      16      62      68          nan
  idx_tok   mass0.05   181.72    3965    3965    3966         1.74
  idx_tok   mass0.01   193.54    3965    3965    3966         1.18
  idx_pool  max         61.29     142     494     754          nan
  idx_pool  mass0.05   169.13    3963    3965    3966         1.70
  idx_pool  mass0.01   179.64    3965    3965    3966         1.17
== cal_tp1_n109_slot4_lid27_seq7934.pt T=7934 A=3966 n=8 idx-qpos offset=[-1, 95] archived mass p50/p90=0.228/0.435 need p90/max=7/8
  proxy     crit           zp  fire50  fire90 firemax fired/oracle
  sketch    max          1.69       6      16      26          nan
  sketch    mass0.05    11.10    2870    3964    3965         1.67
  sketch    mass0.01    12.97    3787    3965    3965         1.20
  idx_tok   max         78.20      24      49      83          nan
  idx_tok   mass0.05   230.85    3803    3965    3965         1.96
  idx_tok   mass0.01   249.18    3949    3965    3965         1.25
  idx_pool  max         79.21      61     177     230          nan
  idx_pool  mass0.05   219.09    3807    3965    3965         1.99
  idx_pool  mass0.01   237.27    3953    3965    3965         1.25
== cal_tp1_n10_slot4_lid27_seq65069.pt T=65069 A=59518 n=8 idx-qpos offset=[-65048, -1] archived mass p50/p90=0.293/0.805 need p90/max=6/17
  proxy     crit           zp  fire50  fire90 firemax fired/oracle
  sketch    max          2.41       6     280     894          nan
  sketch    mass0.05    14.00   59000   59472   59517         1.39
  sketch    mass0.01    15.39   59452   59514   59517         1.12
  idx_tok   max         79.69      25    2129    7008          nan
  idx_tok   mass0.05   284.89   59459   59517   59518         1.42
  idx_tok   mass0.01   299.71   59510   59517   59518         1.13
  idx_pool  max         83.35      59    7041   23242          nan
  idx_pool  mass0.05   266.08   59497   59517   59518         1.42
  idx_pool  mass0.01   279.15   59517   59517   59518         1.13
== cal_tp1_n110_slot4_lid31_seq7934.pt T=7934 A=3967 n=8 idx-qpos offset=[-1, 95] archived mass p50/p90=0.245/0.470 need p90/max=3/7
  proxy     crit           zp  fire50  fire90 firemax fired/oracle
  sketch    max          2.20       4      17      25          nan
  sketch    mass0.05    10.26    3914    3962    3964         1.46
  sketch    mass0.01    11.16    3962    3966    3966         1.11
  idx_tok   max         89.89      20      62     105          nan
  idx_tok   mass0.05   200.41    3924    3966    3966         1.46
  idx_tok   mass0.01   215.62    3966    3966    3966         1.11
  idx_pool  max         95.85      33     137     247          nan
  idx_pool  mass0.05   212.29    3966    3966    3966         1.47
  idx_pool  mass0.01   226.95    3966    3966    3967         1.11
== cal_tp1_n111_slot4_lid3_seq7032.pt T=7032 A=3966 n=8 idx-qpos offset=[-1, 965] archived mass p50/p90=0.394/0.504 need p90/max=2/3
  proxy     crit           zp  fire50  fire90 firemax fired/oracle
  sketch    max          6.41     154     316     320          nan
  sketch    mass0.05    19.40    3965    3965    3965         1.19
  sketch    mass0.01    20.58    3965    3965    3965         1.04
  idx_tok   max        167.72      34    1551    3963          nan
  idx_tok   mass0.05   335.89    3965    3965    3966         1.16
  idx_tok   mass0.01   349.90    3965    3965    3966         1.04
  idx_pool  max        126.88      36    1653    3062          nan
  idx_pool  mass0.05   297.02    3965    3965    3966         1.17
  idx_pool  mass0.01   311.67    3965    3965    3966         1.04
== cal_tp1_n112_slot4_lid35_seq7032.pt T=7032 A=3965 n=8 idx-qpos offset=[-1, 965] archived mass p50/p90=0.387/0.571 need p90/max=21/26
  proxy     crit           zp  fire50  fire90 firemax fired/oracle
  sketch    max          1.89      13     179     192          nan
  sketch    mass0.05    10.59    3840    3963    3964         1.75
  sketch    mass0.01    11.83    3954    3964    3965         1.23
  idx_tok   max         72.56      57     254     391          nan
  idx_tok   mass0.05   181.52    3727    3931    3965         1.66
  idx_tok   mass0.01   212.51    3948    3964    3965         1.23
  idx_pool  max         84.04     116    1641    2338          nan
  idx_pool  mass0.05   162.85    3872    3964    3965         1.73
  idx_pool  mass0.01   178.05    3958    3964    3965         1.23
== cal_tp1_n113_slot4_lid7_seq7032.pt T=7032 A=3966 n=8 idx-qpos offset=[-1, 965] archived mass p50/p90=0.327/0.469 need p90/max=1/2
  proxy     crit           zp  fire50  fire90 firemax fired/oracle
  sketch    max          0.00       0       3       4          nan
  sketch    mass0.05    17.60    3965    3965    3965         1.16
  sketch    mass0.01    18.63    3965    3965    3965         1.04
  idx_tok   max        161.09      30     477     787          nan
  idx_tok   mass0.05   314.02    3965    3965    3965         1.20
  idx_tok   mass0.01   325.98    3965    3965    3965         1.04
  idx_pool  max        198.27     124    1745    2701          nan
  idx_pool  mass0.05   331.56    3965    3965    3965         1.20
  idx_pool  mass0.01   340.48    3965    3965    3965         1.04
== cal_tp1_n114_slot4_lid39_seq7032.pt T=7032 A=3965 n=8 idx-qpos offset=[-1, 965] archived mass p50/p90=0.233/0.417 need p90/max=1/1
  proxy     crit           zp  fire50  fire90 firemax fired/oracle
  sketch    max          1.20       1      16      31          nan
  sketch    mass0.05    20.90    3952    3962    3963         2.29
  sketch    mass0.01    24.25    3963    3964    3965         1.29
  idx_tok   max         62.90       2       3       7          nan
  idx_tok   mass0.05   245.48    3924    3964    3965         2.04
  idx_tok   mass0.01   274.88    3962    3964    3965         1.26
  idx_pool  max         93.94      14      41      56          nan
  idx_pool  mass0.05   254.21    3964    3964    3965         2.11
  idx_pool  mass0.01   279.34    3964    3964    3965         1.28
== cal_tp1_n115_slot4_lid11_seq7032.pt T=7032 A=3966 n=8 idx-qpos offset=[-1, 965] archived mass p50/p90=0.466/0.678 need p90/max=9/17
  proxy     crit           zp  fire50  fire90 firemax fired/oracle
  sketch    max          3.06      36      80     102          nan
  sketch    mass0.05    12.91    3956    3964    3965         1.24
  sketch    mass0.01    14.17    3965    3965    3966         1.06
  idx_tok   max        171.39     239     530     977          nan
  idx_tok   mass0.05   251.99    3888    3965    3965         1.19
  idx_tok   mass0.01   263.17    3962    3965    3966         1.04
  idx_pool  max        225.54    2642    3962    3965          nan
  idx_pool  mass0.05   275.97    3965    3965    3966         1.25
  idx_pool  mass0.01   285.31    3965    3965    3966         1.06
== cal_tp1_n116_slot4_lid43_seq7032.pt T=7032 A=3965 n=8 idx-qpos offset=[-1, 965] archived mass p50/p90=0.265/0.415 need p90/max=2/3
  proxy     crit           zp  fire50  fire90 firemax fired/oracle
  sketch    max          3.06       6      31      38          nan
  sketch    mass0.05     9.34    3793    3951    3963         1.46
  sketch    mass0.01    10.13    3948    3964    3965         1.12
  idx_tok   max        116.69      30      67     117          nan
  idx_tok   mass0.05   246.31    3926    3962    3963         1.55
  idx_tok   mass0.01   260.44    3964    3964    3964         1.13
  idx_pool  max        114.77      81     222     361          nan
  idx_pool  mass0.05   215.30    3960    3964    3964         1.55
  idx_pool  mass0.01   226.12    3964    3964    3965         1.13
== cal_tp1_n117_slot4_lid15_seq7032.pt T=7032 A=3966 n=8 idx-qpos offset=[-1, 965] archived mass p50/p90=0.243/0.483 need p90/max=2/2
  proxy     crit           zp  fire50  fire90 firemax fired/oracle
  sketch    max          1.37       3      13      24          nan
  sketch    mass0.05    11.05    3631    3955    3961         1.24
  sketch    mass0.01    12.24    3902    3963    3964         1.07
  idx_tok   max        116.70      38      62      91          nan
  idx_tok   mass0.05   274.18    3965    3965    3966         1.32
  idx_tok   mass0.01   285.41    3965    3965    3966         1.08
  idx_pool  max        164.65      92    1184    1321          nan
  idx_pool  mass0.05   307.96    3965    3965    3966         1.33
  idx_pool  mass0.01   318.41    3965    3965    3966         1.08
== cal_tp1_n118_slot4_lid19_seq7032.pt T=7032 A=3967 n=8 idx-qpos offset=[-1, 965] archived mass p50/p90=0.458/0.654 need p90/max=25/34
  proxy     crit           zp  fire50  fire90 firemax fired/oracle
  sketch    max          2.56     128     511     795          nan
  sketch    mass0.05     8.92    3898    3922    3932         1.53
  sketch    mass0.01    11.15    3956    3960    3963         1.16
  idx_tok   max        143.51    1220    1821    2416          nan
  idx_tok   mass0.05   215.59    3964    3966    3966         1.50
  idx_tok   mass0.01   231.36    3966    3966    3967         1.15
  idx_pool  max        126.51    1485    3028    3739          nan
  idx_pool  mass0.05   196.93    3966    3966    3967         1.54
  idx_pool  mass0.01   211.98    3966    3966    3967         1.16
== cal_tp1_n119_slot4_lid23_seq7032.pt T=7032 A=3967 n=8 idx-qpos offset=[-1, 965] archived mass p50/p90=0.361/0.525 need p90/max=10/14
  proxy     crit           zp  fire50  fire90 firemax fired/oracle
  sketch    max          2.60      51     156     166          nan
  sketch    mass0.05    10.71    3951    3965    3966         1.62
  sketch    mass0.01    13.66    3966    3966    3967         1.19
  idx_tok   max         77.04     411     790     892          nan
  idx_tok   mass0.05   162.88    3966    3966    3967         1.61
  idx_tok   mass0.01   175.62    3966    3966    3967         1.17
  idx_pool  max         74.29    1440    2304    2859          nan
  idx_pool  mass0.05   149.99    3966    3966    3967         1.57
  idx_pool  mass0.01   160.48    3966    3966    3967         1.16
== cal_tp1_n11_slot4_lid31_seq65069.pt T=65069 A=59518 n=8 idx-qpos offset=[-65048, -1] archived mass p50/p90=0.557/0.863 need p90/max=5/16
  proxy     crit           zp  fire50  fire90 firemax fired/oracle
  sketch    max          3.71      11    1380    4563          nan
  sketch    mass0.05    13.51   55839   59004   59517         1.26
  sketch    mass0.01    14.79   58900   59458   59517         1.08
  idx_tok   max        100.80      10    1440    4742          nan
  idx_tok   mass0.05   243.00   57058   59313   59517         1.25
  idx_tok   mass0.01   259.28   59238   59509   59517         1.08
  idx_pool  max        125.87      62    7684   25423          nan
  idx_pool  mass0.05   241.10   56719   59269   59517         1.27
  idx_pool  mass0.01   256.64   59212   59510   59517         1.08
== cal_tp1_n120_slot4_lid27_seq7032.pt T=7032 A=3966 n=8 idx-qpos offset=[-1, 965] archived mass p50/p90=0.263/0.433 need p90/max=4/10
  proxy     crit           zp  fire50  fire90 firemax fired/oracle
  sketch    max          1.92      13      68      70          nan
  sketch    mass0.05    11.14    3946    3956    3960         1.49
  sketch    mass0.01    12.87    3962    3965    3965         1.16
  idx_tok   max         76.84      44     226     271          nan
  idx_tok   mass0.05   196.91    3789    3965    3966         1.50
  idx_tok   mass0.01   219.27    3962    3965    3966         1.16
  idx_pool  max         80.26     136     763     781          nan
  idx_pool  mass0.05   188.02    3903    3965    3966         1.52
  idx_pool  mass0.01   205.97    3965    3965    3966         1.16
== cal_tp1_n121_slot4_lid31_seq7032.pt T=7032 A=3966 n=8 idx-qpos offset=[-1, 965] archived mass p50/p90=0.327/0.477 need p90/max=2/2
  proxy     crit           zp  fire50  fire90 firemax fired/oracle
  sketch    max          2.04      11      18      19          nan
  sketch    mass0.05    11.43    3931    3960    3964         1.67
  sketch    mass0.01    12.73    3965    3965    3966         1.17
  idx_tok   max        113.74     146     555     785          nan
  idx_tok   mass0.05   216.28    3965    3965    3966         1.70
  idx_tok   mass0.01   233.65    3965    3965    3966         1.17
  idx_pool  max        109.32     148     555    1030          nan
  idx_pool  mass0.05   199.78    3965    3965    3966         1.65
  idx_pool  mass0.01   213.39    3965    3965    3966         1.17
== cal_tp1_n122_slot4_lid3_seq6954.pt T=6954 A=3966 n=8 idx-qpos offset=[-1, 141] archived mass p50/p90=0.401/0.515 need p90/max=1/1
  proxy     crit           zp  fire50  fire90 firemax fired/oracle
  sketch    max          6.20     175     462     839          nan
  sketch    mass0.05    18.43    3957    3965    3965         1.17
  sketch    mass0.01    19.87    3963    3965    3966         1.04
  idx_tok   max         54.72       0       1       1          nan
  idx_tok   mass0.05   334.64    3944    3965    3965         1.13
  idx_tok   mass0.01   347.09    3965    3965    3965         1.03
  idx_pool  max         45.47       2       7       9          nan
  idx_pool  mass0.05   292.82    3931    3965    3965         1.12
  idx_pool  mass0.01   305.38    3965    3965    3965         1.03
== cal_tp1_n123_slot4_lid35_seq6954.pt T=6954 A=3965 n=8 idx-qpos offset=[-1, 141] archived mass p50/p90=0.528/0.641 need p90/max=42/43
  proxy     crit           zp  fire50  fire90 firemax fired/oracle
  sketch    max          1.84      56     241     363          nan
  sketch    mass0.05     9.97    3048    3948    3964         1.39
  sketch    mass0.01    12.99    3924    3964    3965         1.20
  idx_tok   max         70.92      84     529     723          nan
  idx_tok   mass0.05   177.79    3858    3964    3965         1.67
  idx_tok   mass0.01   203.31    3962    3964    3965         1.24
  idx_pool  max         77.09     206    2465    3255          nan
  idx_pool  mass0.05   165.49    3932    3964    3965         1.70
  idx_pool  mass0.01   180.97    3964    3964    3965         1.23
== cal_tp1_n124_slot4_lid7_seq6954.pt T=6954 A=3966 n=8 idx-qpos offset=[-1, 141] archived mass p50/p90=0.318/0.477 need p90/max=10/28
  proxy     crit           zp  fire50  fire90 firemax fired/oracle
  sketch    max          0.00       0      16      49          nan
  sketch    mass0.05    19.90    3965    3965    3965         1.15
  sketch    mass0.01    20.75    3965    3965    3966         1.03
  idx_tok   max        212.68     219    2262    3962          nan
  idx_tok   mass0.05   313.00    3965    3965    3965         1.16
  idx_tok   mass0.01   334.40    3965    3965    3965         1.03
  idx_pool  max        257.29     849    3683    3965          nan
  idx_pool  mass0.05   338.58    3965    3965    3965         1.16
  idx_pool  mass0.01   348.76    3965    3965    3965         1.03
== cal_tp1_n125_slot4_lid39_seq6954.pt T=6954 A=3965 n=8 idx-qpos offset=[-1, 141] archived mass p50/p90=0.325/0.500 need p90/max=0/1
  proxy     crit           zp  fire50  fire90 firemax fired/oracle
  sketch    max          0.00       0       0       1          nan
  sketch    mass0.05    19.44    3949    3957    3962         2.14
  sketch    mass0.01    21.73    3962    3964    3964         1.28
  idx_tok   max         32.42       0       1       2          nan
  idx_tok   mass0.05   203.41    3359    3961    3965         1.78
  idx_tok   mass0.01   222.51    3855    3964    3965         1.23
  idx_pool  max         60.00       0       2       4          nan
  idx_pool  mass0.05   209.44    3767    3964    3965         1.95
  idx_pool  mass0.01   229.30    3962    3964    3965         1.26
== cal_tp1_n126_slot4_lid11_seq6954.pt T=6954 A=3966 n=8 idx-qpos offset=[-1, 141] archived mass p50/p90=0.480/0.671 need p90/max=8/9
  proxy     crit           zp  fire50  fire90 firemax fired/oracle
  sketch    max          3.49      31      82     142          nan
  sketch    mass0.05    12.98    3953    3965    3965         1.23
  sketch    mass0.01    13.81    3965    3965    3966         1.06
  idx_tok   max        158.69     133     239     252          nan
  idx_tok   mass0.05   256.57    3846    3965    3965         1.20
  idx_tok   mass0.01   268.91    3952    3965    3965         1.05
  idx_pool  max        203.36     374    3453    3517          nan
  idx_pool  mass0.05   278.50    3965    3965    3966         1.24
  idx_pool  mass0.01   285.72    3965    3965    3966         1.06
== cal_tp1_n127_slot4_lid43_seq6954.pt T=6954 A=3966 n=8 idx-qpos offset=[-1, 141] archived mass p50/p90=0.265/0.438 need p90/max=2/3
  proxy     crit           zp  fire50  fire90 firemax fired/oracle
  sketch    max          2.25       4      20      28          nan
  sketch    mass0.05     9.04    3822    3937    3943         1.55
  sketch    mass0.01    10.09    3962    3965    3966         1.14
  idx_tok   max        118.65      24      97     105          nan
  idx_tok   mass0.05   226.40    3716    3877    3880         1.47
  idx_tok   mass0.01   241.63    3940    3960    3961         1.13
  idx_pool  max        120.44      67     216     429          nan
  idx_pool  mass0.05   204.46    3864    3957    3965         1.52
  idx_pool  mass0.01   214.94    3956    3965    3965         1.12
== cal_tp1_n128_slot4_lid15_seq6954.pt T=6954 A=3966 n=8 idx-qpos offset=[-1, 141] archived mass p50/p90=0.264/0.525 need p90/max=3/4
  proxy     crit           zp  fire50  fire90 firemax fired/oracle
  sketch    max          1.07       2      13      19          nan
  sketch    mass0.05    11.01    3629    3947    3966         1.21
  sketch    mass0.01    12.49    3941    3962    3966         1.07
  idx_tok   max        109.35      22      39      52          nan
  idx_tok   mass0.05   263.26    3924    3965    3966         1.30
  idx_tok   mass0.01   277.05    3962    3965    3966         1.08
  idx_pool  max        163.53      78     513    1067          nan
  idx_pool  mass0.05   298.30    3965    3965    3966         1.32
  idx_pool  mass0.01   307.80    3965    3965    3966         1.08
== cal_tp1_n129_slot4_lid19_seq6954.pt T=6954 A=3967 n=8 idx-qpos offset=[-1, 141] archived mass p50/p90=0.457/0.656 need p90/max=23/24
  proxy     crit           zp  fire50  fire90 firemax fired/oracle
  sketch    max          7.78    3536    3894    3920          nan
  sketch    mass0.05    10.19    3937    3962    3965         1.59
  sketch    mass0.01    12.58    3964    3966    3967         1.17
  idx_tok   max        144.64    1148    3148    3298          nan
  idx_tok   mass0.05   217.42    3965    3966    3967         1.57
  idx_tok   mass0.01   230.93    3966    3966    3967         1.16
  idx_pool  max        128.31    2044    3138    3541          nan
  idx_pool  mass0.05   198.48    3966    3966    3967         1.58
  idx_pool  mass0.01   214.38    3966    3966    3967         1.17
== cal_tp1_n12_slot4_lid3_seq65070.pt T=65070 A=59518 n=8 idx-qpos offset=[-1, 62] archived mass p50/p90=0.781/0.861 need p90/max=24/70
  proxy     crit           zp  fire50  fire90 firemax fired/oracle
  sketch    max          1.96       0      70     224          nan
  sketch    mass0.05    20.10   59492   59516   59517         1.17
  sketch    mass0.01    22.60   59517   59517   59518         1.04
  idx_tok   max        184.09     133   14488   47521          nan
  idx_tok   mass0.05   404.71   59517   59517   59518         1.16
  idx_tok   mass0.01   423.53   59517   59517   59518         1.04
  idx_pool  max        236.35   24100   59472   59517          nan
  idx_pool  mass0.05   351.75   59517   59517   59517         1.16
  idx_pool  mass0.01   369.24   59517   59517   59517         1.04
== cal_tp1_n130_slot4_lid23_seq6954.pt T=6954 A=3967 n=8 idx-qpos offset=[-1, 141] archived mass p50/p90=0.357/0.498 need p90/max=10/14
  proxy     crit           zp  fire50  fire90 firemax fired/oracle
  sketch    max          3.01     116     338     799          nan
  sketch    mass0.05    11.57    3950    3965    3967         1.58
  sketch    mass0.01    14.90    3966    3966    3967         1.16
  idx_tok   max        104.79    1522    3690    3967          nan
  idx_tok   mass0.05   157.42    3966    3966    3967         1.53
  idx_tok   mass0.01   170.15    3966    3966    3967         1.14
  idx_pool  max         86.96    1174    3421    3967          nan
  idx_pool  mass0.05   149.00    3966    3966    3967         1.53
  idx_pool  mass0.01   161.10    3966    3966    3967         1.14
== cal_tp1_n131_slot4_lid27_seq6954.pt T=6954 A=3966 n=8 idx-qpos offset=[-1, 141] archived mass p50/p90=0.254/0.489 need p90/max=15/24
  proxy     crit           zp  fire50  fire90 firemax fired/oracle
  sketch    max          3.29      24     224     279          nan
  sketch    mass0.05    13.82    3954    3965    3966         1.69
  sketch    mass0.01    15.61    3964    3965    3966         1.20
  idx_tok   max         79.40      28     145     199          nan
  idx_tok   mass0.05   235.20    3964    3965    3966         1.66
  idx_tok   mass0.01   256.38    3965    3965    3966         1.19
  idx_pool  max         89.98     126     837     927          nan
  idx_pool  mass0.05   222.73    3965    3965    3966         1.68
  idx_pool  mass0.01   239.35    3965    3965    3966         1.19
== cal_tp1_n132_slot4_lid31_seq6954.pt T=6954 A=3966 n=8 idx-qpos offset=[-1, 141] archived mass p50/p90=0.354/0.522 need p90/max=5/7
  proxy     crit           zp  fire50  fire90 firemax fired/oracle
  sketch    max          1.87      14      27      33          nan
  sketch    mass0.05    10.89    3798    3917    3948         1.51
  sketch    mass0.01    12.27    3952    3965    3966         1.15
  idx_tok   max         71.04      11      44      46          nan
  idx_tok   mass0.05   213.83    3965    3965    3966         1.50
  idx_tok   mass0.01   234.18    3965    3965    3966         1.14
  idx_pool  max        111.14     188    1334    2241          nan
  idx_pool  mass0.05   231.18    3965    3965    3966         1.60
  idx_pool  mass0.01   242.83    3965    3965    3966         1.16
== cal_tp1_n133_slot4_lid3_seq4104.pt T=4104 A=3967 n=8 idx-qpos offset=[-38, -1] archived mass p50/p90=0.765/0.877 need p90/max=65/153
  proxy     crit           zp  fire50  fire90 firemax fired/oracle
  sketch    max          3.90     445    1754    2334          nan
  sketch    mass0.05    13.08    3965    3966    3966         1.10
  sketch    mass0.01    14.33    3966    3966    3967         1.02
  idx_tok   max        164.93    2450    3966    3967          nan
  idx_tok   mass0.05   332.08    3966    3966    3967         1.11
  idx_tok   mass0.01   340.84    3966    3966    3967         1.02
  idx_pool  max        151.13    2605    3924    3930          nan
  idx_pool  mass0.05   259.89    3966    3966    3967         1.11
  idx_pool  mass0.01   267.91    3966    3966    3967         1.02
== cal_tp1_n134_slot4_lid35_seq4104.pt T=4104 A=3965 n=8 idx-qpos offset=[-38, -1] archived mass p50/p90=0.629/0.750 need p90/max=2/4
  proxy     crit           zp  fire50  fire90 firemax fired/oracle
  sketch    max          1.86      26      73      96          nan
  sketch    mass0.05    11.00    3858    3963    3963         1.58
  sketch    mass0.01    12.76    3955    3964    3965         1.18
  idx_tok   max         49.81       6      23      36          nan
  idx_tok   mass0.05   184.28    3836    3964    3964         1.54
  idx_tok   mass0.01   204.28    3953    3964    3965         1.17
  idx_pool  max         56.48      60     148     172          nan
  idx_pool  mass0.05   159.87    3736    3964    3965         1.52
  idx_pool  mass0.01   177.23    3948    3964    3965         1.16
== cal_tp1_n135_slot4_lid7_seq4104.pt T=4104 A=3966 n=8 idx-qpos offset=[-38, -1] archived mass p50/p90=0.590/0.812 need p90/max=16/19
  proxy     crit           zp  fire50  fire90 firemax fired/oracle
  sketch    max          2.86      84     145     207          nan
  sketch    mass0.05    19.24    3965    3965    3966         1.13
  sketch    mass0.01    20.30    3965    3965    3966         1.03
  idx_tok   max        188.12     611    1906    2018          nan
  idx_tok   mass0.05   413.62    3965    3965    3966         1.15
  idx_tok   mass0.01   427.33    3965    3965    3966         1.03
  idx_pool  max        261.07    3565    3962    3965          nan
  idx_pool  mass0.05   449.07    3965    3965    3966         1.15
  idx_pool  mass0.01   454.96    3965    3965    3966         1.03
== cal_tp1_n136_slot4_lid39_seq4104.pt T=4104 A=3966 n=8 idx-qpos offset=[-38, -1] archived mass p50/p90=0.349/0.572 need p90/max=3/4
  proxy     crit           zp  fire50  fire90 firemax fired/oracle
  sketch    max          0.83       2      15      32          nan
  sketch    mass0.05    10.46    3790    3953    3961         1.73
  sketch    mass0.01    12.20    3960    3963    3964         1.20
  idx_tok   max         85.32      19      44      47          nan
  idx_tok   mass0.05   237.00    3872    3964    3965         1.73
  idx_tok   mass0.01   280.13    3965    3965    3966         1.20
  idx_pool  max         90.17      44      69      88          nan
  idx_pool  mass0.05   238.79    3914    3965    3965         1.81
  idx_pool  mass0.01   261.27    3965    3965    3966         1.20
== cal_tp1_n137_slot4_lid11_seq4104.pt T=4104 A=3966 n=8 idx-qpos offset=[-38, -1] archived mass p50/p90=0.726/0.869 need p90/max=24/25
  proxy     crit           zp  fire50  fire90 firemax fired/oracle
  sketch    max          2.47      67     229     364          nan
  sketch    mass0.05    12.63    3964    3964    3965         1.16
  sketch    mass0.01    14.31    3965    3965    3966         1.04
  idx_tok   max        163.93    1170    1629    1749          nan
  idx_tok   mass0.05   268.32    3965    3965    3966         1.17
  idx_tok   mass0.01   277.13    3965    3965    3966         1.04
  idx_pool  max        186.64    1177    1775    2285          nan
  idx_pool  mass0.05   286.19    3965    3965    3966         1.17
  idx_pool  mass0.01   292.33    3965    3965    3966         1.04
== cal_tp1_n138_slot4_lid43_seq4104.pt T=4104 A=3966 n=8 idx-qpos offset=[-38, -1] archived mass p50/p90=0.627/0.812 need p90/max=15/25
  proxy     crit           zp  fire50  fire90 firemax fired/oracle
  sketch    max          4.59     314    1014    1685          nan
  sketch    mass0.05     9.06    3922    3964    3965         1.32
  sketch    mass0.01    10.27    3965    3965    3966         1.08
  idx_tok   max        142.83     382     727     804          nan
  idx_tok   mass0.05   233.47    3965    3965    3966         1.32
  idx_tok   mass0.01   250.68    3965    3965    3966         1.08
  idx_pool  max        127.67     410    1005    1144          nan
  idx_pool  mass0.05   202.37    3964    3965    3965         1.30
  idx_pool  mass0.01   214.07    3965    3965    3966         1.08
== cal_tp1_n139_slot4_lid15_seq4104.pt T=4104 A=3966 n=8 idx-qpos offset=[-38, -1] archived mass p50/p90=0.659/0.865 need p90/max=28/46
  proxy     crit           zp  fire50  fire90 firemax fired/oracle
  sketch    max          3.73     130     283     383          nan
  sketch    mass0.05    12.71    3964    3965    3966         1.20
  sketch    mass0.01    13.90    3965    3965    3966         1.05
  idx_tok   max        110.96     126     369     628          nan
  idx_tok   mass0.05   317.00    3965    3965    3966         1.21
  idx_tok   mass0.01   331.58    3965    3965    3966         1.06
  idx_pool  max        169.73    1092    1889    2289          nan
  idx_pool  mass0.05   353.78    3965    3965    3966         1.21
  idx_pool  mass0.01   367.14    3965    3965    3966         1.06
== cal_tp1_n13_slot4_lid35_seq65070.pt T=65070 A=59518 n=8 idx-qpos offset=[-1, 62] archived mass p50/p90=0.740/0.845 need p90/max=6/10
  proxy     crit           zp  fire50  fire90 firemax fired/oracle
  sketch    max          3.79     656    2564    3015          nan
  sketch    mass0.05     9.24   49140   54766   58377         1.33
  sketch    mass0.01    10.29   56450   58714   59424         1.13
  idx_tok   max        102.00     161     429     505          nan
  idx_tok   mass0.05   214.69   52678   56073   56198         1.37
  idx_tok   mass0.01   235.86   58136   59050   59081         1.14
  idx_pool  max        130.62    3856    6228    9027          nan
  idx_pool  mass0.05   205.77   52726   58092   58843         1.39
  idx_pool  mass0.01   225.06   57991   59418   59486         1.15
== cal_tp1_n140_slot4_lid19_seq4104.pt T=4104 A=3966 n=8 idx-qpos offset=[-38, -1] archived mass p50/p90=0.711/0.870 need p90/max=40/76
  proxy     crit           zp  fire50  fire90 firemax fired/oracle
  sketch    max          4.21     800    2197    2399          nan
  sketch    mass0.05     8.50    3926    3962    3963         1.39
  sketch    mass0.01    10.26    3964    3965    3965         1.13
  idx_tok   max        103.04     222     865    1243          nan
  idx_tok   mass0.05   237.03    3962    3965    3966         1.46
  idx_tok   mass0.01   251.63    3965    3965    3966         1.13
  idx_pool  max        105.48     676    1733    2655          nan
  idx_pool  mass0.05   221.37    3965    3965    3966         1.46
  idx_pool  mass0.01   236.68    3965    3965    3966         1.13
== cal_tp1_n141_slot4_lid23_seq4104.pt T=4104 A=3966 n=8 idx-qpos offset=[-38, -1] archived mass p50/p90=0.619/0.806 need p90/max=41/53
  proxy     crit           zp  fire50  fire90 firemax fired/oracle
  sketch    max          3.78     404    1126    1222          nan
  sketch    mass0.05     9.51    3962    3965    3966         1.51
  sketch    mass0.01    10.61    3965    3965    3966         1.13
  idx_tok   max         89.03     320     886    1211          nan
  idx_tok   mass0.05   160.78    3954    3965    3966         1.47
  idx_tok   mass0.01   173.69    3964    3965    3966         1.13
  idx_pool  max         92.71     773    2002    2150          nan
  idx_pool  mass0.05   154.63    3941    3965    3966         1.45
  idx_pool  mass0.01   166.51    3965    3965    3966         1.12
== cal_tp1_n142_slot4_lid27_seq4104.pt T=4104 A=3966 n=8 idx-qpos offset=[-38, -1] archived mass p50/p90=0.542/0.878 need p90/max=70/100
  proxy     crit           zp  fire50  fire90 firemax fired/oracle
  sketch    max          2.76      77     459     815          nan
  sketch    mass0.05    13.72    3965    3965    3966         1.38
  sketch    mass0.01    15.42    3965    3965    3966         1.11
  idx_tok   max        117.98     244    3962    3965          nan
  idx_tok   mass0.05   236.62    3965    3965    3966         1.40
  idx_tok   mass0.01   252.64    3965    3965    3966         1.11
  idx_pool  max        122.94     656    3965    3965          nan
  idx_pool  mass0.05   232.14    3965    3965    3966         1.41
  idx_pool  mass0.01   247.01    3965    3965    3966         1.11
== cal_tp1_n143_slot4_lid31_seq4104.pt T=4104 A=3967 n=8 idx-qpos offset=[-38, -1] archived mass p50/p90=0.590/0.835 need p90/max=10/18
  proxy     crit           zp  fire50  fire90 firemax fired/oracle
  sketch    max          1.26       7      55      77          nan
  sketch    mass0.05    12.16    3932    3966    3967         1.28
  sketch    mass0.01    13.10    3963    3966    3967         1.07
  idx_tok   max        112.94     464     680     756          nan
  idx_tok   mass0.05   197.89    3962    3966    3967         1.29
  idx_tok   mass0.01   214.90    3966    3966    3967         1.08
  idx_pool  max        130.00    1502    2812    3221          nan
  idx_pool  mass0.05   182.00    3944    3966    3967         1.31
  idx_pool  mass0.01   193.87    3964    3966    3967         1.08
== cal_tp1_n14_slot4_lid7_seq65070.pt T=65070 A=59518 n=8 idx-qpos offset=[-1, 62] archived mass p50/p90=0.805/0.854 need p90/max=14/16
  proxy     crit           zp  fire50  fire90 firemax fired/oracle
  sketch    max          3.50      37     158     166          nan
  sketch    mass0.05    27.21   59254   59506   59508         1.24
  sketch    mass0.01    34.79   59517   59517   59518         1.06
  idx_tok   max        108.69      80     960    1811          nan
  idx_tok   mass0.05   288.13   59408   59517   59518         1.21
  idx_tok   mass0.01   313.24   59517   59517   59518         1.06
  idx_pool  max        179.33    1214   12212   18898          nan
  idx_pool  mass0.05   332.09   59517   59517   59518         1.22
  idx_pool  mass0.01   355.52   59517   59517   59518         1.06
== cal_tp1_n15_slot4_lid39_seq65070.pt T=65070 A=59518 n=8 idx-qpos offset=[-1, 62] archived mass p50/p90=0.461/0.640 need p90/max=3/7
  proxy     crit           zp  fire50  fire90 firemax fired/oracle
  sketch    max          2.16      10      15      16          nan
  sketch    mass0.05    10.01   47952   51352   52263         1.23
  sketch    mass0.01    11.17   56228   57932   58195         1.10
  idx_tok   max         50.51       2       6      10          nan
  idx_tok   mass0.05   320.85   57036   58906   58919         1.46
  idx_tok   mass0.01   349.33   59200   59482   59493         1.15
  idx_pool  max         76.43      10      12      14          nan
  idx_pool  mass0.05   308.77   56806   58560   58801         1.44
  idx_pool  mass0.01   331.61   59021   59481   59490         1.14
== cal_tp1_n16_slot4_lid11_seq65070.pt T=65070 A=59518 n=8 idx-qpos offset=[-1, 62] archived mass p50/p90=0.815/0.866 need p90/max=10/14
  proxy     crit           zp  fire50  fire90 firemax fired/oracle
  sketch    max          3.08      12     119     305          nan
  sketch    mass0.05    13.15   58107   58725   58852         1.15
  sketch    mass0.01    13.91   59363   59413   59446         1.04
  idx_tok   max        228.56   24587   50946   51002          nan
  idx_tok   mass0.05   315.79   59516   59517   59517         1.17
  idx_tok   mass0.01   331.72   59517   59517   59518         1.04
  idx_pool  max        289.30   59517   59517   59517          nan
  idx_pool  mass0.05   305.98   59517   59517   59518         1.16
  idx_pool  mass0.01   320.90   59517   59517   59518         1.04
== cal_tp1_n17_slot4_lid43_seq65070.pt T=65070 A=59518 n=8 idx-qpos offset=[-1, 62] archived mass p50/p90=0.618/0.787 need p90/max=6/8
  proxy     crit           zp  fire50  fire90 firemax fired/oracle
  sketch    max          4.44      94     340     784          nan
  sketch    mass0.05    10.84   51914   58344   59517         1.29
  sketch    mass0.01    11.72   57544   59374   59517         1.09
  idx_tok   max        105.26      24      31      34          nan
  idx_tok   mass0.05   290.22   58276   59416   59455         1.30
  idx_tok   mass0.01   310.17   59488   59515   59516         1.09
  idx_pool  max        111.05      65     157     170          nan
  idx_pool  mass0.05   282.39   59415   59486   59517         1.37
  idx_pool  mass0.01   300.88   59517   59517   59517         1.10
== cal_tp1_n18_slot4_lid15_seq65070.pt T=65070 A=59518 n=8 idx-qpos offset=[-1, 62] archived mass p50/p90=0.691/0.844 need p90/max=8/8
  proxy     crit           zp  fire50  fire90 firemax fired/oracle
  sketch    max          2.43      12      15      16          nan
  sketch    mass0.05    10.65   58343   59366   59478         1.20
  sketch    mass0.01    11.58   59414   59510   59515         1.06
  idx_tok   max        202.01    5678   12425   12580          nan
  idx_tok   mass0.05   335.80   59517   59517   59517         1.21
  idx_tok   mass0.01   356.99   59517   59517   59517         1.06
  idx_pool  max        217.85   13334   30894   31465          nan
  idx_pool  mass0.05   329.70   59517   59517   59517         1.21
  idx_pool  mass0.01   348.22   59517   59517   59517         1.06
== cal_tp1_n19_slot4_lid19_seq65070.pt T=65070 A=59518 n=8 idx-qpos offset=[-1, 62] archived mass p50/p90=0.575/0.757 need p90/max=14/16
  proxy     crit           zp  fire50  fire90 firemax fired/oracle
  sketch    max          3.13     120     263     401          nan
  sketch    mass0.05    12.03   59250   59442   59507         1.46
  sketch    mass0.01    14.82   59498   59516   59517         1.14
  idx_tok   max        103.14     276     707     907          nan
  idx_tok   mass0.05   257.11   59476   59517   59517         1.41
  idx_tok   mass0.01   275.15   59517   59517   59517         1.13
  idx_pool  max        116.52    3090    7148   10017          nan
  idx_pool  mass0.05   252.98   59517   59517   59517         1.42
  idx_pool  mass0.01   268.64   59517   59517   59517         1.13
== cal_tp1_n1_slot4_lid3_seq65069.pt T=65069 A=59518 n=8 idx-qpos offset=[-65048, -1] archived mass p50/p90=0.789/0.886 need p90/max=23/52
  proxy     crit           zp  fire50  fire90 firemax fired/oracle
  sketch    max          5.00     178    7228   23464          nan
  sketch    mass0.05    20.77   59495   59513   59517         1.17
  sketch    mass0.01    24.85   59517   59517   59518         1.04
  idx_tok   max        202.54     566   20180   59517          nan
  idx_tok   mass0.05   406.09   59517   59517   59518         1.16
  idx_tok   mass0.01   424.78   59517   59517   59518         1.04
  idx_pool  max        136.89     478   18438   58517          nan
  idx_pool  mass0.05   338.45   59517   59517   59518         1.16
  idx_pool  mass0.01   354.93   59517   59517   59518         1.04
== cal_tp1_n20_slot4_lid23_seq65070.pt T=65070 A=59518 n=8 idx-qpos offset=[-1, 62] archived mass p50/p90=0.357/0.723 need p90/max=4/4
  proxy     crit           zp  fire50  fire90 firemax fired/oracle
  sketch    max          2.11       6      73     212          nan
  sketch    mass0.05    11.25   49622   53870   59517         1.45
  sketch    mass0.01    12.49   57434   58686   59517         1.16
  idx_tok   max        150.87    1767    7169   16228          nan
  idx_tok   mass0.05   229.83   56555   58385   59498         1.59
  idx_tok   mass0.01   244.37   59094   59414   59516         1.18
  idx_pool  max        169.49    9708   24406   36097          nan
  idx_pool  mass0.05   218.33   55442   59130   59430         1.57
  idx_pool  mass0.01   230.83   58970   59509   59517         1.17
== cal_tp1_n21_slot4_lid27_seq65070.pt T=65070 A=59518 n=8 idx-qpos offset=[-1, 62] archived mass p50/p90=0.336/0.717 need p90/max=1/2
  proxy     crit           zp  fire50  fire90 firemax fired/oracle
  sketch    max          1.89       6       9      13          nan
  sketch    mass0.05     9.95   55559   57010   57528         1.26
  sketch    mass0.01    10.94   58662   59142   59275         1.09
  idx_tok   max         53.27       4       6       9          nan
  idx_tok   mass0.05   268.15   59279   59507   59517         1.34
  idx_tok   mass0.01   285.37   59493   59517   59517         1.11
  idx_pool  max         84.58     108     117     123          nan
  idx_pool  mass0.05   246.69   58384   59506   59517         1.32
  idx_pool  mass0.01   260.98   59258   59517   59517         1.10
== cal_tp1_n22_slot4_lid31_seq65070.pt T=65070 A=59518 n=8 idx-qpos offset=[-1, 62] archived mass p50/p90=0.546/0.798 need p90/max=2/2
  proxy     crit           zp  fire50  fire90 firemax fired/oracle
  sketch    max          3.42       7      34      35          nan
  sketch    mass0.05    11.72   57932   58608   59270         1.28
  sketch    mass0.01    12.58   59334   59417   59496         1.09
  idx_tok   max         88.74       9      18      24          nan
  idx_tok   mass0.05   256.52   58374   59489   59513         1.28
  idx_tok   mass0.01   271.74   59382   59516   59517         1.08
  idx_pool  max        102.34      19      32      34          nan
  idx_pool  mass0.05   252.85   57922   59517   59517         1.29
  idx_pool  mass0.01   266.72   59361   59517   59517         1.09
== cal_tp1_n23_slot4_lid3_seq64295.pt T=64295 A=59518 n=8 idx-qpos offset=[-1, 838] archived mass p50/p90=0.789/0.870 need p90/max=4/11
  proxy     crit           zp  fire50  fire90 firemax fired/oracle
  sketch    max          1.64       4      23      60          nan
  sketch    mass0.05    16.59   59479   59513   59517         1.13
  sketch    mass0.01    17.43   59512   59517   59517         1.03
  idx_tok   max        178.41    3058   25571   59516          nan
  idx_tok   mass0.05   384.39   59517   59517   59518         1.13
  idx_tok   mass0.01   393.84   59517   59517   59518         1.03
  idx_pool  max        137.53    4248   28299   58381          nan
  idx_pool  mass0.05   339.60   59517   59517   59517         1.13
  idx_pool  mass0.01   348.85   59517   59517   59517         1.03
== cal_tp1_n24_slot4_lid35_seq64295.pt T=64295 A=59517 n=8 idx-qpos offset=[-1, 838] archived mass p50/p90=0.745/0.827 need p90/max=21/38
  proxy     crit           zp  fire50  fire90 firemax fired/oracle
  sketch    max          3.69     315     958    1461          nan
  sketch    mass0.05    12.23   52270   58416   59003         1.38
  sketch    mass0.01    13.45   57946   59384   59476         1.14
  idx_tok   max        106.20    1342    3848    4229          nan
  idx_tok   mass0.05   193.32   52852   58422   58957         1.31
  idx_tok   mass0.01   213.79   58194   59497   59498         1.12
  idx_pool  max         97.30    5274   12369   18646          nan
  idx_pool  mass0.05   182.28   59279   59513   59516         1.43
  idx_pool  mass0.01   199.70   59512   59516   59517         1.14
== cal_tp1_n25_slot4_lid7_seq64295.pt T=64295 A=59518 n=8 idx-qpos offset=[-1, 838] archived mass p50/p90=0.658/0.773 need p90/max=0/0
  proxy     crit           zp  fire50  fire90 firemax fired/oracle
  sketch    max          0.00       0       0       1          nan
  sketch    mass0.05    27.57   59517   59517   59517         1.13
  sketch    mass0.01    29.45   59517   59517   59517         1.03
  idx_tok   max          0.00       0       0       0          nan
  idx_tok   mass0.05   439.00   59517   59517   59517         1.14
  idx_tok   mass0.01   453.91   59517   59517   59517         1.03
  idx_pool  max          0.00       0       0       0          nan
  idx_pool  mass0.05   476.43   59517   59517   59517         1.14
  idx_pool  mass0.01   487.28   59517   59517   59517         1.03
== cal_tp1_n26_slot4_lid39_seq64295.pt T=64295 A=59517 n=8 idx-qpos offset=[-1, 838] archived mass p50/p90=0.607/0.756 need p90/max=3/5
  proxy     crit           zp  fire50  fire90 firemax fired/oracle
  sketch    max          2.93      86     535    1180          nan
  sketch    mass0.05    14.09   57654   59346   59426         1.54
  sketch    mass0.01    22.56   59506   59515   59516         1.17
  idx_tok   max        117.11     147     276     392          nan
  idx_tok   mass0.05   250.70   52928   57017   58518         1.41
  idx_tok   mass0.01   272.34   57893   59169   59490         1.12
  idx_pool  max        129.17     954    2092    2603          nan
  idx_pool  mass0.05   239.67   57336   59257   59484         1.50
  idx_pool  mass0.01   266.58   59404   59516   59516         1.15
== cal_tp1_n27_slot4_lid11_seq64295.pt T=64295 A=59518 n=8 idx-qpos offset=[-1, 838] archived mass p50/p90=0.804/0.882 need p90/max=7/8
  proxy     crit           zp  fire50  fire90 firemax fired/oracle
  sketch    max          2.46      58     305     789          nan
  sketch    mass0.05    13.57   59503   59516   59517         1.17
  sketch    mass0.01    14.40   59516   59517   59517         1.04
  idx_tok   max        189.20    1979   24615   37216          nan
  idx_tok   mass0.05   281.69   59316   59517   59517         1.14
  idx_tok   mass0.01   291.98   59510   59517   59517         1.03
  idx_pool  max        201.92    6053   20023   24539          nan
  idx_pool  mass0.05   268.69   59509   59517   59517         1.15
  idx_pool  mass0.01   277.82   59517   59517   59517         1.04
== cal_tp1_n28_slot4_lid43_seq64295.pt T=64295 A=59518 n=8 idx-qpos offset=[-1, 838] archived mass p50/p90=0.539/0.722 need p90/max=4/10
  proxy     crit           zp  fire50  fire90 firemax fired/oracle
  sketch    max          3.64      11     309     934          nan
  sketch    mass0.05    12.67   53966   58233   59517         1.39
  sketch    mass0.01    13.75   57976   59374   59517         1.14
  idx_tok   max        100.00      20     401    1244          nan
  idx_tok   mass0.05   265.47   48210   57991   59517         1.30
  idx_tok   mass0.01   287.60   57694   59516   59517         1.13
  idx_pool  max        127.48     102    2400    6470          nan
  idx_pool  mass0.05   248.89   50683   59517   59517         1.38
  idx_pool  mass0.01   266.22   58153   59517   59517         1.14
== cal_tp1_n29_slot4_lid15_seq64295.pt T=64295 A=59518 n=8 idx-qpos offset=[-1, 838] archived mass p50/p90=0.761/0.894 need p90/max=47/69
  proxy     crit           zp  fire50  fire90 firemax fired/oracle
  sketch    max          2.63     490    1409    1994          nan
  sketch    mass0.05    11.55   59408   59460   59463         1.19
  sketch    mass0.01    12.88   59508   59514   59516         1.05
  idx_tok   max        240.10   47096   55913   59517          nan
  idx_tok   mass0.05   281.83   59514   59517   59517         1.19
  idx_tok   mass0.01   293.20   59517   59517   59517         1.05
  idx_pool  max        239.75   55934   58666   59505          nan
  idx_pool  mass0.05   259.12   59491   59517   59517         1.18
  idx_pool  mass0.01   267.59   59517   59517   59517         1.05
== cal_tp1_n2_slot4_lid35_seq65069.pt T=65069 A=59518 n=8 idx-qpos offset=[-65048, -1] archived mass p50/p90=0.672/0.836 need p90/max=6/19
  proxy     crit           zp  fire50  fire90 firemax fired/oracle
  sketch    max          1.41      15     251     704          nan
  sketch    mass0.05    10.16   46566   52005   59513         1.28
  sketch    mass0.01    11.68   56328   58207   59517         1.12
  idx_tok   max         64.28      17     257     741          nan
  idx_tok   mass0.05   206.23   44062   58428   59508         1.30
  idx_tok   mass0.01   229.08   56092   59450   59517         1.12
  idx_pool  max         90.17     137    2326    7212          nan
  idx_pool  mass0.05   199.20   48020   57701   59517         1.35
  idx_pool  mass0.01   219.87   57178   59394   59517         1.14
== cal_tp1_n30_slot4_lid19_seq64295.pt T=64295 A=59519 n=8 idx-qpos offset=[-1, 838] archived mass p50/p90=0.717/0.866 need p90/max=71/78
  proxy     crit           zp  fire50  fire90 firemax fired/oracle
  sketch    max          3.37    6716   12001   13743          nan
  sketch    mass0.05     9.78   58758   59043   59052         1.39
  sketch    mass0.01    12.90   59470   59511   59512         1.12
  idx_tok   max        198.32   39856   55192   58612          nan
  idx_tok   mass0.05   240.33   59416   59518   59518         1.38
  idx_tok   mass0.01   251.98   59512   59518   59518         1.12
  idx_pool  max        182.38   43260   58901   59514          nan
  idx_pool  mass0.05   232.47   59518   59518   59518         1.41
  idx_pool  mass0.01   241.81   59518   59518   59518         1.12
== cal_tp1_n31_slot4_lid23_seq64295.pt T=64295 A=59519 n=8 idx-qpos offset=[-1, 838] archived mass p50/p90=0.588/0.825 need p90/max=26/30
  proxy     crit           zp  fire50  fire90 firemax fired/oracle
  sketch    max          3.41     403    4812   13542          nan
  sketch    mass0.05    12.77   59150   59397   59518         1.32
  sketch    mass0.01    15.42   59506   59517   59518         1.09
  idx_tok   max        103.11    2972   23422   59518          nan
  idx_tok   mass0.05   193.03   59518   59518   59518         1.30
  idx_tok   mass0.01   208.20   59518   59518   59518         1.08
  idx_pool  max        112.16   17980   39796   59518          nan
  idx_pool  mass0.05   187.95   59518   59518   59518         1.31
  idx_pool  mass0.01   201.55   59518   59518   59519         1.08
== cal_tp1_n32_slot4_lid27_seq64295.pt T=64295 A=59518 n=8 idx-qpos offset=[-1, 838] archived mass p50/p90=0.539/0.735 need p90/max=11/18
  proxy     crit           zp  fire50  fire90 firemax fired/oracle
  sketch    max          2.88     251    1674    1753          nan
  sketch    mass0.05    10.59   59173   59510   59514         1.24
  sketch    mass0.01    12.05   59481   59517   59517         1.07
  idx_tok   max         86.49     192     916    1039          nan
  idx_tok   mass0.05   226.05   59511   59517   59518         1.24
  idx_tok   mass0.01   239.61   59517   59517   59518         1.07
  idx_pool  max         84.30    1182    5591    9533          nan
  idx_pool  mass0.05   207.26   59453   59517   59518         1.24
  idx_pool  mass0.01   221.73   59513   59517   59518         1.07
== cal_tp1_n33_slot4_lid31_seq64295.pt T=64295 A=59518 n=8 idx-qpos offset=[-1, 838] archived mass p50/p90=0.659/0.774 need p90/max=4/7
  proxy     crit           zp  fire50  fire90 firemax fired/oracle
  sketch    max          2.28      24      95     232          nan
  sketch    mass0.05    12.56   58342   59476   59494         1.32
  sketch    mass0.01    13.52   59430   59517   59517         1.09
  idx_tok   max         56.54      16      55     107          nan
  idx_tok   mass0.05   200.91   59482   59517   59518         1.30
  idx_tok   mass0.01   218.48   59517   59517   59518         1.09
  idx_pool  max        102.15     558    2261    3374          nan
  idx_pool  mass0.05   215.63   59517   59517   59518         1.36
  idx_pool  mass0.01   232.11   59517   59517   59518         1.10
== cal_tp1_n34_slot4_lid3_seq64412.pt T=64412 A=59518 n=8 idx-qpos offset=[-54, -1] archived mass p50/p90=0.773/0.861 need p90/max=11/32
  proxy     crit           zp  fire50  fire90 firemax fired/oracle
  sketch    max          1.97       4      26      64          nan
  sketch    mass0.05    17.02   59309   59505   59506         1.12
  sketch    mass0.01    18.56   59514   59517   59517         1.03
  idx_tok   max        245.21   24826   55777   55968          nan
  idx_tok   mass0.05   382.27   59517   59517   59518         1.12
  idx_tok   mass0.01   392.47   59517   59517   59518         1.03
  idx_pool  max        232.62   56452   59517   59518          nan
  idx_pool  mass0.05   324.12   59517   59517   59518         1.13
  idx_pool  mass0.01   335.94   59517   59517   59518         1.03
== cal_tp1_n35_slot4_lid35_seq64412.pt T=64412 A=59517 n=8 idx-qpos offset=[-54, -1] archived mass p50/p90=0.754/0.839 need p90/max=46/51
  proxy     crit           zp  fire50  fire90 firemax fired/oracle
  sketch    max          2.61     194     771     856          nan
  sketch    mass0.05    12.61   55962   59214   59379         1.36
  sketch    mass0.01    14.41   59282   59512   59516         1.13
  idx_tok   max         99.02    1216    3581    4418          nan
  idx_tok   mass0.05   202.46   56662   59500   59513         1.35
  idx_tok   mass0.01   222.97   59278   59516   59516         1.12
  idx_pool  max         92.86    5354   14552   16658          nan
  idx_pool  mass0.05   181.01   59162   59513   59516         1.36
  idx_pool  mass0.01   198.76   59496   59516   59516         1.11
== cal_tp1_n36_slot4_lid7_seq64412.pt T=64412 A=59518 n=8 idx-qpos offset=[-54, -1] archived mass p50/p90=0.646/0.792 need p90/max=1/2
  proxy     crit           zp  fire50  fire90 firemax fired/oracle
  sketch    max          1.43       0       3       4          nan
  sketch    mass0.05    28.11   59517   59517   59518         1.14
  sketch    mass0.01    29.63   59517   59517   59518         1.03
  idx_tok   max        156.74     208    5160   11353          nan
  idx_tok   mass0.05   421.99   59517   59517   59518         1.15
  idx_tok   mass0.01   436.43   59517   59517   59518         1.03
  idx_pool  max        202.04     828   29974   52662          nan
  idx_pool  mass0.05   461.43   59517   59517   59518         1.16
  idx_pool  mass0.01   472.51   59517   59517   59518         1.03
== cal_tp1_n37_slot4_lid39_seq64412.pt T=64412 A=59518 n=8 idx-qpos offset=[-54, -1] archived mass p50/p90=0.535/0.763 need p90/max=3/9
  proxy     crit           zp  fire50  fire90 firemax fired/oracle
  sketch    max          0.84       4      20      40          nan
  sketch    mass0.05    13.87   58853   59371   59456         1.51
  sketch    mass0.01    23.19   59508   59516   59517         1.21
  idx_tok   max        143.90    1037    3532    6988          nan
  idx_tok   mass0.05   280.00   59045   59500   59517         1.56
  idx_tok   mass0.01   311.77   59511   59517   59517         1.18
  idx_pool  max        159.57    5638   23970   34887          nan
  idx_pool  mass0.05   258.09   59244   59514   59517         1.56
  idx_pool  mass0.01   286.51   59512   59517   59517         1.18
== cal_tp1_n38_slot4_lid11_seq64412.pt T=64412 A=59518 n=8 idx-qpos offset=[-54, -1] archived mass p50/p90=0.799/0.880 need p90/max=35/70
  proxy     crit           zp  fire50  fire90 firemax fired/oracle
  sketch    max          0.00      36     121     195          nan
  sketch    mass0.05    13.14   59417   59497   59500         1.17
  sketch    mass0.01    13.80   59510   59517   59518         1.04
  idx_tok   max        286.85   59438   59515   59518          nan
  idx_tok   mass0.05   296.61   59514   59517   59518         1.17
  idx_tok   mass0.01   303.11   59517   59517   59518         1.04
  idx_pool  max        308.63   59517   59517   59518          nan
  idx_pool  mass0.05   318.73   59517   59517   59518         1.18
  idx_pool  mass0.01   326.15   59517   59517   59518         1.04
== cal_tp1_n39_slot4_lid43_seq64412.pt T=64412 A=59518 n=8 idx-qpos offset=[-54, -1] archived mass p50/p90=0.551/0.702 need p90/max=6/19
  proxy     crit           zp  fire50  fire90 firemax fired/oracle
  sketch    max          4.16      22      53      61          nan
  sketch    mass0.05    11.63   50298   58500   59516         1.38
  sketch    mass0.01    12.89   57568   59505   59517         1.15
  idx_tok   max        134.31     214     304     385          nan
  idx_tok   mass0.05   265.34   51934   58426   59484         1.38
  idx_tok   mass0.01   284.78   57611   59492   59517         1.14
  idx_pool  max        155.77    2854    4100    6319          nan
  idx_pool  mass0.05   238.47   55464   59271   59313         1.48
  idx_pool  mass0.01   256.42   59098   59517   59517         1.17
== cal_tp1_n3_slot4_lid7_seq65069.pt T=65069 A=59518 n=8 idx-qpos offset=[-65048, -1] archived mass p50/p90=0.801/0.876 need p90/max=53/150
  proxy     crit           zp  fire50  fire90 firemax fired/oracle
  sketch    max          4.24      31    5776   19008          nan
  sketch    mass0.05    28.16   59472   59516   59517         1.24
  sketch    mass0.01    37.18   59517   59517   59517         1.06
  idx_tok   max        151.84    5124   25980   40033          nan
  idx_tok   mass0.05   300.67   59270   59517   59517         1.20
  idx_tok   mass0.01   323.00   59508   59517   59517         1.05
  idx_pool  max        212.78   17022   53244   59517          nan
  idx_pool  mass0.05   336.39   59467   59517   59517         1.20
  idx_pool  mass0.01   357.36   59517   59517   59517         1.05
== cal_tp1_n40_slot4_lid15_seq64412.pt T=64412 A=59518 n=8 idx-qpos offset=[-54, -1] archived mass p50/p90=0.765/0.887 need p90/max=41/44
  proxy     crit           zp  fire50  fire90 firemax fired/oracle
  sketch    max          2.73     372    1156    2541          nan
  sketch    mass0.05    11.47   59303   59429   59472         1.17
  sketch    mass0.01    13.08   59490   59509   59517         1.05
  idx_tok   max        209.84   30238   47085   56501          nan
  idx_tok   mass0.05   278.84   59517   59517   59518         1.18
  idx_tok   mass0.01   289.37   59517   59517   59518         1.05
  idx_pool  max        207.40   30424   45256   54619          nan
  idx_pool  mass0.05   263.74   59517   59517   59518         1.18
  idx_pool  mass0.01   273.41   59517   59517   59518         1.05
== cal_tp1_n41_slot4_lid19_seq64412.pt T=64412 A=59519 n=8 idx-qpos offset=[-54, -1] archived mass p50/p90=0.715/0.860 need p90/max=47/57
  proxy     crit           zp  fire50  fire90 firemax fired/oracle
  sketch    max          2.97    4100    8077    8542          nan
  sketch    mass0.05    11.21   59248   59416   59427         1.43
  sketch    mass0.01    13.59   59506   59515   59516         1.13
  idx_tok   max        214.96   55375   59302   59492          nan
  idx_tok   mass0.05   234.23   59354   59518   59519         1.41
  idx_tok   mass0.01   245.55   59510   59518   59519         1.13
  idx_pool  max        194.91   58998   59384   59519          nan
  idx_pool  mass0.05   193.50   58752   59299   59515         1.40
  idx_pool  mass0.01   203.52   59480   59510   59519         1.12
== cal_tp1_n42_slot4_lid23_seq64412.pt T=64412 A=59519 n=8 idx-qpos offset=[-54, -1] archived mass p50/p90=0.631/0.856 need p90/max=70/101
  proxy     crit           zp  fire50  fire90 firemax fired/oracle
  sketch    max          3.12     196    3020    8561          nan
  sketch    mass0.05    13.54   58999   59484   59518         1.33
  sketch    mass0.01    16.17   59478   59518   59518         1.10
  idx_tok   max         84.80     910   18728   59518          nan
  idx_tok   mass0.05   166.39   58471   59518   59518         1.32
  idx_tok   mass0.01   177.52   59448   59518   59518         1.09
  idx_pool  max         90.21    4728   23859   59518          nan
  idx_pool  mass0.05   148.58   57184   59518   59518         1.30
  idx_pool  mass0.01   157.33   59254   59518   59518         1.09
== cal_tp1_n43_slot4_lid27_seq64412.pt T=64412 A=59518 n=8 idx-qpos offset=[-54, -1] archived mass p50/p90=0.582/0.764 need p90/max=11/12
  proxy     crit           zp  fire50  fire90 firemax fired/oracle
  sketch    max          5.93   17900   35137   39924          nan
  sketch    mass0.05    13.66   59517   59517   59518         1.24
  sketch    mass0.01    15.25   59517   59517   59518         1.07
  idx_tok   max        188.58   55508   59517   59517          nan
  idx_tok   mass0.05   225.12   59514   59517   59518         1.25
  idx_tok   mass0.01   237.45   59517   59517   59518         1.07
  idx_pool  max        168.86   53359   59517   59517          nan
  idx_pool  mass0.05   201.92   59507   59517   59518         1.26
  idx_pool  mass0.01   212.78   59517   59517   59518         1.07
== cal_tp1_n44_slot4_lid31_seq64412.pt T=64412 A=59519 n=8 idx-qpos offset=[-54, -1] archived mass p50/p90=0.643/0.780 need p90/max=5/5
  proxy     crit           zp  fire50  fire90 firemax fired/oracle
  sketch    max          3.11      30      84     163          nan
  sketch    mass0.05    12.99   58932   59442   59490         1.33
  sketch    mass0.01    13.80   59466   59510   59517         1.09
  idx_tok   max         93.52     114     552     722          nan
  idx_tok   mass0.05   217.75   59029   59518   59519         1.31
  idx_tok   mass0.01   230.94   59490   59518   59519         1.09
  idx_pool  max         97.14     259    1000    1129          nan
  idx_pool  mass0.05   234.88   59518   59518   59519         1.36
  idx_pool  mass0.01   248.10   59518   59518   59519         1.10
== cal_tp1_n45_slot4_lid3_seq61401.pt T=61401 A=55551 n=8 idx-qpos offset=[-1, 3074] archived mass p50/p90=0.648/0.792 need p90/max=4/10
  proxy     crit           zp  fire50  fire90 firemax fired/oracle
  sketch    max          2.02       5     318     956          nan
  sketch    mass0.05    18.52   55519   55550   55551         1.16
  sketch    mass0.01    19.42   55548   55550   55551         1.03
  idx_tok   max        198.71   10106   48196   48431          nan
  idx_tok   mass0.05   395.80   55550   55550   55551         1.15
  idx_tok   mass0.01   405.02   55550   55550   55551         1.04
  idx_pool  max        141.91    1070    3897    6438          nan
  idx_pool  mass0.05   311.22   55550   55550   55551         1.16
  idx_pool  mass0.01   317.57   55550   55550   55551         1.04
== cal_tp1_n46_slot4_lid35_seq61401.pt T=61401 A=55551 n=8 idx-qpos offset=[-1, 3074] archived mass p50/p90=0.530/0.724 need p90/max=1/2
  proxy     crit           zp  fire50  fire90 firemax fired/oracle
  sketch    max          4.87     930    4953    5410          nan
  sketch    mass0.05    12.71   55504   55550   55550         1.63
  sketch    mass0.01    14.15   55550   55550   55550         1.20
  idx_tok   max         63.34       8      18      26          nan
  idx_tok   mass0.05   260.80   55523   55550   55550         1.67
  idx_tok   mass0.01   287.40   55550   55550   55551         1.21
  idx_pool  max         71.81      18      82     170          nan
  idx_pool  mass0.05   215.61   54008   55550   55550         1.60
  idx_pool  mass0.01   238.87   55512   55550   55550         1.20
== cal_tp1_n47_slot4_lid7_seq61401.pt T=61401 A=55552 n=8 idx-qpos offset=[-1, 3074] archived mass p50/p90=0.540/0.743 need p90/max=9/13
  proxy     crit           zp  fire50  fire90 firemax fired/oracle
  sketch    max          1.33      15      43      79          nan
  sketch    mass0.05    24.95   55551   55551   55552         1.12
  sketch    mass0.01    26.05   55551   55551   55552         1.03
  idx_tok   max        165.48     113    4988   14370          nan
  idx_tok   mass0.05   422.16   55551   55551   55552         1.13
  idx_tok   mass0.01   435.08   55551   55551   55552         1.03
  idx_pool  max        225.86     712   23661   55331          nan
  idx_pool  mass0.05   467.52   55551   55551   55552         1.13
  idx_pool  mass0.01   474.99   55551   55551   55552         1.03
== cal_tp1_n48_slot4_lid39_seq61401.pt T=61401 A=55551 n=8 idx-qpos offset=[-1, 3074] archived mass p50/p90=0.197/0.433 need p90/max=0/0
  proxy     crit           zp  fire50  fire90 firemax fired/oracle
  sketch    max          0.00       0       0       0          nan
  sketch    mass0.05    14.17   55468   55512   55545         1.86
  sketch    mass0.01    15.95   55525   55538   55546         1.26
  idx_tok   max          0.00       0       0       0          nan
  idx_tok   mass0.05   369.18   55550   55550   55551         1.89
  idx_tok   mass0.01   398.18   55550   55550   55551         1.25
  idx_pool  max          0.00       0       0       0          nan
  idx_pool  mass0.05   350.46   55550   55550   55551         1.90
  idx_pool  mass0.01   376.71   55550   55550   55551         1.25
== cal_tp1_n49_slot4_lid11_seq61401.pt T=61401 A=55550 n=8 idx-qpos offset=[-1, 3074] archived mass p50/p90=0.731/0.861 need p90/max=15/27
  proxy     crit           zp  fire50  fire90 firemax fired/oracle
  sketch    max          2.55      36     439     992          nan
  sketch    mass0.05    14.62   55138   55548   55549         1.13
  sketch    mass0.01    15.80   55531   55549   55550         1.03
  idx_tok   max        174.97    2237   16224   20577          nan
  idx_tok   mass0.05   319.41   55549   55549   55550         1.15
  idx_tok   mass0.01   332.97   55549   55549   55550         1.04
  idx_pool  max        196.12    3580    8334   11988          nan
  idx_pool  mass0.05   317.56   55549   55549   55550         1.14
  idx_pool  mass0.01   327.14   55549   55549   55550         1.04
== cal_tp1_n4_slot4_lid39_seq65069.pt T=65069 A=59518 n=8 idx-qpos offset=[-65048, -1] archived mass p50/p90=0.426/0.824 need p90/max=7/20
  proxy     crit           zp  fire50  fire90 firemax fired/oracle
  sketch    max          3.36      23    1238    3943          nan
  sketch    mass0.05    13.25   49586   58085   59517         1.28
  sketch    mass0.01    15.00   56930   59389   59517         1.10
  idx_tok   max         76.21      12     249     779          nan
  idx_tok   mass0.05   293.98   58596   59338   59517         1.43
  idx_tok   mass0.01   320.72   59430   59508   59517         1.13
  idx_pool  max         92.26      30    1526    4867          nan
  idx_pool  mass0.05   306.11   59031   59517   59517         1.47
  idx_pool  mass0.01   329.91   59508   59517   59518         1.14
== cal_tp1_n50_slot4_lid43_seq61401.pt T=61401 A=55550 n=8 idx-qpos offset=[-1, 3074] archived mass p50/p90=0.435/0.687 need p90/max=2/2
  proxy     crit           zp  fire50  fire90 firemax fired/oracle
  sketch    max          1.42       2       8      12          nan
  sketch    mass0.05    10.42   49986   54728   55311         1.24
  sketch    mass0.01    11.35   55276   55536   55548         1.08
  idx_tok   max         95.44       6      26      39          nan
  idx_tok   mass0.05   270.92   55504   55549   55550         1.32
  idx_tok   mass0.01   282.95   55549   55549   55550         1.08
  idx_pool  max        111.98      56      90      90          nan
  idx_pool  mass0.05   245.73   55549   55549   55550         1.32
  idx_pool  mass0.01   256.05   55549   55549   55550         1.08
== cal_tp1_n51_slot4_lid15_seq61401.pt T=61401 A=55550 n=8 idx-qpos offset=[-1, 3074] archived mass p50/p90=0.440/0.763 need p90/max=9/24
  proxy     crit           zp  fire50  fire90 firemax fired/oracle
  sketch    max          1.69       4     119     345          nan
  sketch    mass0.05    13.76   54608   55462   55549         1.23
  sketch    mass0.01    14.65   55394   55542   55549         1.06
  idx_tok   max        129.58      41     543     610          nan
  idx_tok   mass0.05   333.68   55549   55549   55549         1.23
  idx_tok   mass0.01   345.92   55549   55549   55549         1.06
  idx_pool  max        164.99     198    1957    4415          nan
  idx_pool  mass0.05   346.17   55549   55549   55549         1.24
  idx_pool  mass0.01   358.70   55549   55549   55549         1.06
== cal_tp1_n52_slot4_lid19_seq61401.pt T=61401 A=55551 n=8 idx-qpos offset=[-1, 3074] archived mass p50/p90=0.327/0.708 need p90/max=7/16
  proxy     crit           zp  fire50  fire90 firemax fired/oracle
  sketch    max          3.12     146    1057    2119          nan
  sketch    mass0.05    11.48   55448   55534   55550         1.44
  sketch    mass0.01    12.95   55548   55550   55550         1.13
  idx_tok   max        122.07     334    2678    4686          nan
  idx_tok   mass0.05   277.37   55550   55550   55550         1.46
  idx_tok   mass0.01   291.41   55550   55550   55551         1.13
  idx_pool  max        109.47     946    7997   17865          nan
  idx_pool  mass0.05   251.63   55550   55550   55550         1.46
  idx_pool  mass0.01   263.91   55550   55550   55550         1.13
== cal_tp1_n53_slot4_lid23_seq61401.pt T=61401 A=55553 n=8 idx-qpos offset=[-1, 3074] archived mass p50/p90=0.163/0.515 need p90/max=0/1
  proxy     crit           zp  fire50  fire90 firemax fired/oracle
  sketch    max          1.02       1     107     338          nan
  sketch    mass0.05    11.03   54517   55511   55540         1.58
  sketch    mass0.01    11.92   55414   55552   55552         1.16
  idx_tok   max         54.20       4      10      13          nan
  idx_tok   mass0.05   202.68   55180   55552   55553         1.51
  idx_tok   mass0.01   212.53   55544   55552   55553         1.14
  idx_pool  max         61.35      66     109     125          nan
  idx_pool  mass0.05   200.65   55450   55552   55553         1.62
  idx_pool  mass0.01   208.87   55550   55552   55553         1.16
== cal_tp1_n54_slot4_lid27_seq61401.pt T=61401 A=55552 n=8 idx-qpos offset=[-1, 3074] archived mass p50/p90=0.148/0.538 need p90/max=4/8
  proxy     crit           zp  fire50  fire90 firemax fired/oracle
  sketch    max          0.63       2      29      37          nan
  sketch    mass0.05    13.58   55399   55551   55551         1.38
  sketch    mass0.01    15.23   55546   55551   55551         1.11
  idx_tok   max        100.35      16    1447    4610          nan
  idx_tok   mass0.05   258.00   52586   55551   55551         1.44
  idx_tok   mass0.01   269.29   54908   55551   55551         1.13
  idx_pool  max        125.58     502   18065   54551          nan
  idx_pool  mass0.05   245.49   52784   55551   55551         1.43
  idx_pool  mass0.01   259.66   55273   55551   55551         1.14
== cal_tp1_n55_slot4_lid31_seq61401.pt T=61401 A=55553 n=8 idx-qpos offset=[-1, 3074] archived mass p50/p90=0.485/0.755 need p90/max=0/1
  proxy     crit           zp  fire50  fire90 firemax fired/oracle
  sketch    max          0.00       0       0       1          nan
  sketch    mass0.05    12.99   53765   55476   55541         1.24
  sketch    mass0.01    13.87   55392   55552   55552         1.07
  idx_tok   max          0.00       0       0       1          nan
  idx_tok   mass0.05   287.91   55552   55552   55553         1.26
  idx_tok   mass0.01   305.24   55552   55552   55553         1.07
  idx_pool  max          0.17       0       0       1          nan
  idx_pool  mass0.05   295.35   55552   55552   55553         1.26
  idx_pool  mass0.01   310.96   55552   55552   55553         1.07
== cal_tp1_n56_slot4_lid3_seq62359.pt T=62359 A=59520 n=8 idx-qpos offset=[-895, -1] archived mass p50/p90=0.729/0.881 need p90/max=8/21
  proxy     crit           zp  fire50  fire90 firemax fired/oracle
  sketch    max          1.49       2     282     892          nan
  sketch    mass0.05    16.67   58304   59335   59519         1.11
  sketch    mass0.01    18.36   59475   59519   59520         1.03
  idx_tok   max        108.95      20     628    1303          nan
  idx_tok   mass0.05   390.30   59519   59519   59520         1.13
  idx_tok   mass0.01   401.10   59519   59519   59520         1.03
  idx_pool  max        140.00    1659    9940   12039          nan
  idx_pool  mass0.05   304.74   59519   59519   59520         1.13
  idx_pool  mass0.01   311.36   59519   59519   59520         1.03
== cal_tp1_n57_slot4_lid35_seq62359.pt T=62359 A=59519 n=8 idx-qpos offset=[-895, -1] archived mass p50/p90=0.588/0.761 need p90/max=4/5
  proxy     crit           zp  fire50  fire90 firemax fired/oracle
  sketch    max          0.32       1      13      31          nan
  sketch    mass0.05    13.06   58696   59518   59518         1.43
  sketch    mass0.01    14.82   59490   59518   59518         1.15
  idx_tok   max         78.81      50     109     140          nan
  idx_tok   mass0.05   228.25   57966   59518   59518         1.43
  idx_tok   mass0.01   246.52   59434   59518   59518         1.14
  idx_pool  max        114.61     500    6699   18682          nan
  idx_pool  mass0.05   221.67   58682   59518   59518         1.46
  idx_pool  mass0.01   239.35   59496   59518   59518         1.14
== cal_tp1_n58_slot4_lid7_seq62359.pt T=62359 A=59520 n=8 idx-qpos offset=[-895, -1] archived mass p50/p90=0.537/0.779 need p90/max=5/10
  proxy     crit           zp  fire50  fire90 firemax fired/oracle
  sketch    max          2.63       3      36      63          nan
  sketch    mass0.05    31.92   59519   59519   59520         1.12
  sketch    mass0.01    32.92   59519   59519   59520         1.03
  idx_tok   max        144.79      30     416     873          nan
  idx_tok   mass0.05   404.01   59519   59519   59520         1.12
  idx_tok   mass0.01   418.20   59519   59519   59520         1.03
  idx_pool  max        204.83     156    7263   17886          nan
  idx_pool  mass0.05   443.88   59519   59519   59520         1.12
  idx_pool  mass0.01   451.73   59519   59519   59520         1.03
== cal_tp1_n59_slot4_lid39_seq62359.pt T=62359 A=59519 n=8 idx-qpos offset=[-895, -1] archived mass p50/p90=0.197/0.533 need p90/max=0/0
  proxy     crit           zp  fire50  fire90 firemax fired/oracle
  sketch    max          0.00       0       1       3          nan
  sketch    mass0.05    13.46   58616   59426   59444         1.61
  sketch    mass0.01    15.32   59472   59509   59511         1.21
  idx_tok   max          0.00       0       0       0          nan
  idx_tok   mass0.05   300.83   56660   59518   59518         1.57
  idx_tok   mass0.01   327.74   59392   59518   59518         1.19
  idx_pool  max          0.00       0       0       0          nan
  idx_pool  mass0.05   292.71   55678   59518   59518         1.58
  idx_pool  mass0.01   312.44   59178   59518   59519         1.19
== cal_tp1_n5_slot4_lid11_seq65069.pt T=65069 A=59518 n=8 idx-qpos offset=[-65048, -1] archived mass p50/p90=0.807/0.873 need p90/max=15/43
  proxy     crit           zp  fire50  fire90 firemax fired/oracle
  sketch    max          5.08      44    1612    4740          nan
  sketch    mass0.05    14.45   59116   59514   59517         1.14
  sketch    mass0.01    15.52   59500   59517   59517         1.04
  idx_tok   max        154.80     108    6041   19295          nan
  idx_tok   mass0.05   317.02   59510   59517   59517         1.14
  idx_tok   mass0.01   333.06   59517   59517   59517         1.04
  idx_pool  max        168.91     720   12795   39079          nan
  idx_pool  mass0.05   308.84   59517   59517   59517         1.14
  idx_pool  mass0.01   324.28   59517   59517   59517         1.04
== cal_tp1_n60_slot4_lid11_seq62359.pt T=62359 A=59518 n=8 idx-qpos offset=[-895, -1] archived mass p50/p90=0.755/0.887 need p90/max=41/116
  proxy     crit           zp  fire50  fire90 firemax fired/oracle
  sketch    max          2.92      34    1047    2338          nan
  sketch    mass0.05    14.84   59372   59517   59517         1.12
  sketch    mass0.01    15.61   59493   59517   59518         1.03
  idx_tok   max        223.52   28942   56766   59486          nan
  idx_tok   mass0.05   316.05   59517   59517   59518         1.14
  idx_tok   mass0.01   327.40   59517   59517   59518         1.03
  idx_pool  max        229.26   24350   46580   46669          nan
  idx_pool  mass0.05   320.34   59517   59517   59518         1.13
  idx_pool  mass0.01   329.72   59517   59517   59518         1.03
== cal_tp1_n61_slot4_lid43_seq62359.pt T=62359 A=59518 n=8 idx-qpos offset=[-895, -1] archived mass p50/p90=0.491/0.754 need p90/max=1/3
  proxy     crit           zp  fire50  fire90 firemax fired/oracle
  sketch    max          0.55       0       1       3          nan
  sketch    mass0.05    11.59   55740   58391   59470         1.26
  sketch    mass0.01    12.48   59128   59430   59517         1.08
  idx_tok   max         98.37       9      26      51          nan
  idx_tok   mass0.05   263.15   58586   59509   59516         1.26
  idx_tok   mass0.01   276.50   59506   59517   59518         1.08
  idx_pool  max        161.75    1292    3773    7613          nan
  idx_pool  mass0.05   239.13   57899   59517   59517         1.26
  idx_pool  mass0.01   250.81   59415   59517   59517         1.08
== cal_tp1_n62_slot4_lid15_seq62359.pt T=62359 A=59518 n=8 idx-qpos offset=[-895, -1] archived mass p50/p90=0.519/0.833 need p90/max=5/9
  proxy     crit           zp  fire50  fire90 firemax fired/oracle
  sketch    max          1.82      12      82     174          nan
  sketch    mass0.05    12.70   57469   59318   59443         1.16
  sketch    mass0.01    13.41   59133   59503   59516         1.04
  idx_tok   max        111.62      54     683     690          nan
  idx_tok   mass0.05   337.39   59517   59517   59518         1.18
  idx_tok   mass0.01   348.11   59517   59517   59518         1.05
  idx_pool  max        154.15     264     567     676          nan
  idx_pool  mass0.05   327.36   59517   59517   59518         1.18
  idx_pool  mass0.01   336.47   59517   59517   59518         1.05
== cal_tp1_n63_slot4_lid19_seq62359.pt T=62359 A=59519 n=8 idx-qpos offset=[-895, -1] archived mass p50/p90=0.368/0.724 need p90/max=10/10
  proxy     crit           zp  fire50  fire90 firemax fired/oracle
  sketch    max          3.76     497    2386    5140          nan
  sketch    mass0.05    10.69   59001   59456   59511         1.41
  sketch    mass0.01    11.81   59498   59516   59516         1.12
  idx_tok   max        133.09     492     842    1310          nan
  idx_tok   mass0.05   265.45   59518   59518   59518         1.45
  idx_tok   mass0.01   277.66   59518   59518   59518         1.13
  idx_pool  max        130.47    1726    2655    3840          nan
  idx_pool  mass0.05   242.18   59506   59518   59518         1.45
  idx_pool  mass0.01   253.48   59518   59518   59518         1.13
== cal_tp1_n64_slot4_lid23_seq62359.pt T=62359 A=59519 n=8 idx-qpos offset=[-895, -1] archived mass p50/p90=0.224/0.580 need p90/max=5/9
  proxy     crit           zp  fire50  fire90 firemax fired/oracle
  sketch    max          3.13      40     953    1327          nan
  sketch    mass0.05    10.42   54900   59020   59518         1.55
  sketch    mass0.01    11.62   59148   59511   59518         1.16
  idx_tok   max         79.54      40      69      77          nan
  idx_tok   mass0.05   190.51   53870   59518   59519         1.50
  idx_tok   mass0.01   200.52   58771   59518   59519         1.15
  idx_pool  max         86.12     347     694     696          nan
  idx_pool  mass0.05   186.04   56216   59518   59519         1.53
  idx_pool  mass0.01   193.17   58770   59518   59519         1.14
== cal_tp1_n65_slot4_lid27_seq62359.pt T=62359 A=59519 n=8 idx-qpos offset=[-895, -1] archived mass p50/p90=0.299/0.699 need p90/max=7/10
  proxy     crit           zp  fire50  fire90 firemax fired/oracle
  sketch    max          1.65      10      59     107          nan
  sketch    mass0.05    16.85   59518   59518   59518         1.38
  sketch    mass0.01    19.00   59518   59518   59518         1.11
  idx_tok   max        135.85     216   59063   59447          nan
  idx_tok   mass0.05   252.30   59516   59518   59518         1.39
  idx_tok   mass0.01   272.00   59518   59518   59518         1.12
  idx_pool  max        129.59    1395   59136   59514          nan
  idx_pool  mass0.05   245.52   59518   59518   59518         1.39
  idx_pool  mass0.01   264.02   59518   59518   59518         1.12
== cal_tp1_n66_slot4_lid31_seq62359.pt T=62359 A=59520 n=8 idx-qpos offset=[-895, -1] archived mass p50/p90=0.585/0.822 need p90/max=0/1
  proxy     crit           zp  fire50  fire90 firemax fired/oracle
  sketch    max          0.00       0       0       1          nan
  sketch    mass0.05    12.91   56203   58195   59022         1.18
  sketch    mass0.01    13.84   59154   59466   59477         1.06
  idx_tok   max          0.00       0       0       1          nan
  idx_tok   mass0.05   218.36   58623   59497   59519         1.21
  idx_tok   mass0.01   230.24   59404   59519   59519         1.06
  idx_pool  max         11.69       0       0       1          nan
  idx_pool  mass0.05   225.08   59452   59519   59519         1.22
  idx_pool  mass0.01   234.92   59515   59519   59519         1.06
== cal_tp1_n67_slot4_lid3_seq64046.pt T=64046 A=59518 n=8 idx-qpos offset=[-1624, -1] archived mass p50/p90=0.804/0.896 need p90/max=50/91
  proxy     crit           zp  fire50  fire90 firemax fired/oracle
  sketch    max          5.46     244    9737   17030          nan
  sketch    mass0.05    18.26   59508   59516   59517         1.14
  sketch    mass0.01    20.63   59517   59517   59518         1.04
  idx_tok   max        313.08   59517   59517   59518          nan
  idx_tok   mass0.05   337.74   59517   59517   59518         1.14
  idx_tok   mass0.01   350.91   59517   59517   59518         1.04
  idx_pool  max        295.96   59517   59517   59518          nan
  idx_pool  mass0.05   302.19   59517   59517   59518         1.14
  idx_pool  mass0.01   314.18   59517   59517   59518         1.04
== cal_tp1_n68_slot4_lid35_seq64046.pt T=64046 A=59518 n=8 idx-qpos offset=[-1624, -1] archived mass p50/p90=0.487/0.725 need p90/max=4/12
  proxy     crit           zp  fire50  fire90 firemax fired/oracle
  sketch    max          1.54       6      75     189          nan
  sketch    mass0.05    10.87   49067   53488   54003         1.74
  sketch    mass0.01    12.20   56134   58376   58458         1.27
  idx_tok   max         75.53       4      45      61          nan
  idx_tok   mass0.05   252.88   53482   58904   59129         1.80
  idx_tok   mass0.01   277.48   58580   59494   59512         1.28
  idx_pool  max         90.09      42     274     335          nan
  idx_pool  mass0.05   238.72   54350   58075   58111         1.78
  idx_pool  mass0.01   263.17   58882   59459   59481         1.28
== cal_tp1_n69_slot4_lid7_seq64046.pt T=64046 A=59518 n=8 idx-qpos offset=[-1624, -1] archived mass p50/p90=0.827/0.873 need p90/max=14/20
  proxy     crit           zp  fire50  fire90 firemax fired/oracle
  sketch    max          3.74      45     224     253          nan
  sketch    mass0.05    30.28   59316   59517   59517         1.19
  sketch    mass0.01    33.80   59513   59517   59517         1.05
  idx_tok   max        179.54   44489   58360   59151          nan
  idx_tok   mass0.05   254.00   59517   59517   59517         1.18
  idx_tok   mass0.01   273.10   59517   59517   59518         1.05
  idx_pool  max        235.87   59509   59517   59517          nan
  idx_pool  mass0.05   281.16   59517   59517   59518         1.18
  idx_pool  mass0.01   297.54   59517   59517   59518         1.05
== cal_tp1_n6_slot4_lid43_seq65069.pt T=65069 A=59518 n=8 idx-qpos offset=[-65048, -1] archived mass p50/p90=0.526/0.804 need p90/max=1/1
  proxy     crit           zp  fire50  fire90 firemax fired/oracle
  sketch    max          2.30       0       7      19          nan
  sketch    mass0.05    12.38   52516   57458   59517         1.27
  sketch    mass0.01    13.59   58278   59316   59517         1.09
  idx_tok   max        110.96      15      70     160          nan
  idx_tok   mass0.05   317.77   59114   59517   59517         1.37
  idx_tok   mass0.01   337.01   59503   59517   59517         1.10
  idx_pool  max        105.13      40      67      97          nan
  idx_pool  mass0.05   292.86   59163   59517   59517         1.36
  idx_pool  mass0.01   310.09   59511   59517   59517         1.10
== cal_tp1_n70_slot4_lid39_seq64046.pt T=64046 A=59518 n=8 idx-qpos offset=[-1624, -1] archived mass p50/p90=0.331/0.616 need p90/max=1/2
  proxy     crit           zp  fire50  fire90 firemax fired/oracle
  sketch    max          0.00       0       8      27          nan
  sketch    mass0.05    11.31   52602   54742   57128         1.45
  sketch    mass0.01    12.64   58203   58974   59151         1.15
  idx_tok   max        100.68       6      17      21          nan
  idx_tok   mass0.05   330.94   57748   58614   58638         1.63
  idx_tok   mass0.01   353.62   59248   59390   59403         1.18
  idx_pool  max         88.76       3      14      31          nan
  idx_pool  mass0.05   312.83   57772   58814   58976         1.61
  idx_pool  mass0.01   333.14   59234   59452   59489         1.18
== cal_tp1_n71_slot4_lid11_seq64046.pt T=64046 A=59518 n=8 idx-qpos offset=[-1624, -1] archived mass p50/p90=0.692/0.848 need p90/max=4/12
  proxy     crit           zp  fire50  fire90 firemax fired/oracle
  sketch    max          0.33       0       6      17          nan
  sketch    mass0.05    14.75   58898   59471   59506         1.16
  sketch    mass0.01    15.52   59436   59510   59516         1.04
  idx_tok   max        152.49      71     272     359          nan
  idx_tok   mass0.05   356.22   59500   59517   59517         1.18
  idx_tok   mass0.01   370.60   59517   59517   59518         1.04
  idx_pool  max        236.00    4493   30271   36132          nan
  idx_pool  mass0.05   345.30   59447   59517   59517         1.17
  idx_pool  mass0.01   358.60   59517   59517   59517         1.04
== cal_tp1_n72_slot4_lid43_seq64046.pt T=64046 A=59518 n=8 idx-qpos offset=[-1624, -1] archived mass p50/p90=0.463/0.749 need p90/max=2/3
  proxy     crit           zp  fire50  fire90 firemax fired/oracle
  sketch    max          2.02       0      10      30          nan
  sketch    mass0.05    11.09   57598   59453   59517         1.28
  sketch    mass0.01    11.99   59196   59516   59517         1.08
  idx_tok   max        147.50      26     100     230          nan
  idx_tok   mass0.05   297.99   54572   56814   59501         1.21
  idx_tok   mass0.01   317.63   58902   59288   59517         1.08
  idx_pool  max        182.10    1626    3266    3860          nan
  idx_pool  mass0.05   274.90   55750   58573   59385         1.23
  idx_pool  mass0.01   291.56   58954   59479   59501         1.07
== cal_tp1_n73_slot4_lid15_seq64046.pt T=64046 A=59518 n=8 idx-qpos offset=[-1624, -1] archived mass p50/p90=0.466/0.769 need p90/max=2/5
  proxy     crit           zp  fire50  fire90 firemax fired/oracle
  sketch    max          3.72       3     102     281          nan
  sketch    mass0.05    12.21   59154   59495   59505         1.22
  sketch    mass0.01    13.39   59498   59516   59517         1.06
  idx_tok   max         78.20       2       7      15          nan
  idx_tok   mass0.05   341.61   59340   59517   59517         1.24
  idx_tok   mass0.01   356.33   59508   59517   59517         1.07
  idx_pool  max        157.53      96    1025    1442          nan
  idx_pool  mass0.05   358.24   59517   59517   59518         1.25
  idx_pool  mass0.01   373.24   59517   59517   59518         1.07
== cal_tp1_n74_slot4_lid19_seq64046.pt T=64046 A=59518 n=8 idx-qpos offset=[-1624, -1] archived mass p50/p90=0.437/0.772 need p90/max=14/20
  proxy     crit           zp  fire50  fire90 firemax fired/oracle
  sketch    max          2.18      20     349     999          nan
  sketch    mass0.05    10.61   58372   59318   59342         1.46
  sketch    mass0.01    13.74   59505   59515   59516         1.15
  idx_tok   max        121.13     112    1785    3837          nan
  idx_tok   mass0.05   282.12   58471   59517   59517         1.42
  idx_tok   mass0.01   296.03   59430   59517   59517         1.13
  idx_pool  max        131.85    1371    8851   16040          nan
  idx_pool  mass0.05   260.91   58652   59517   59517         1.43
  idx_pool  mass0.01   273.80   59471   59517   59517         1.13
== cal_tp1_n75_slot4_lid23_seq64046.pt T=64046 A=59518 n=8 idx-qpos offset=[-1624, -1] archived mass p50/p90=0.297/0.736 need p90/max=15/42
  proxy     crit           zp  fire50  fire90 firemax fired/oracle
  sketch    max          2.57       5     179     564          nan
  sketch    mass0.05    12.22   59198   59432   59509         1.52
  sketch    mass0.01    13.71   59496   59511   59517         1.16
  idx_tok   max         82.77      14     315     874          nan
  idx_tok   mass0.05   240.35   59401   59517   59517         1.54
  idx_tok   mass0.01   252.10   59515   59517   59517         1.16
  idx_pool  max         80.80      44    1601    4117          nan
  idx_pool  mass0.05   235.84   59462   59517   59517         1.55
  idx_pool  mass0.01   247.29   59517   59517   59518         1.16
== cal_tp1_n76_slot4_lid27_seq64046.pt T=64046 A=59518 n=8 idx-qpos offset=[-1624, -1] archived mass p50/p90=0.290/0.608 need p90/max=14/41
  proxy     crit           zp  fire50  fire90 firemax fired/oracle
  sketch    max          2.23       7      62     172          nan
  sketch    mass0.05    12.77   57868   59384   59457         1.37
  sketch    mass0.01    14.11   59390   59512   59515         1.12
  idx_tok   max         84.78      20      86     192          nan
  idx_tok   mass0.05   294.80   59465   59517   59517         1.47
  idx_tok   mass0.01   311.74   59516   59517   59517         1.14
  idx_pool  max         97.55     148     485    1087          nan
  idx_pool  mass0.05   277.47   59488   59517   59517         1.45
  idx_pool  mass0.01   293.39   59517   59517   59518         1.14
== cal_tp1_n77_slot4_lid31_seq64046.pt T=64046 A=59518 n=8 idx-qpos offset=[-1624, -1] archived mass p50/p90=0.313/0.675 need p90/max=2/3
  proxy     crit           zp  fire50  fire90 firemax fired/oracle
  sketch    max          2.51       1      12      35          nan
  sketch    mass0.05    13.25   57214   58394   59065         1.36
  sketch    mass0.01    14.55   59306   59452   59502         1.11
  idx_tok   max         83.59       4       8      10          nan
  idx_tok   mass0.05   247.55   47606   54128   58715         1.24
  idx_tok   mass0.01   265.78   57013   58632   59512         1.09
  idx_pool  max         93.37       6      25      26          nan
  idx_pool  mass0.05   255.81   56198   59082   59513         1.42
  idx_pool  mass0.01   270.96   58979   59486   59517         1.13
== cal_tp1_n78_slot4_lid3_seq64108.pt T=64108 A=59518 n=8 idx-qpos offset=[-1, 1] archived mass p50/p90=0.832/0.900 need p90/max=24/46
  proxy     crit           zp  fire50  fire90 firemax fired/oracle
  sketch    max          5.51     389    2402    2967          nan
  sketch    mass0.05    15.76   58932   59445   59484         1.13
  sketch    mass0.01    17.53   59454   59515   59518         1.03
  idx_tok   max        287.01   47172   59355   59517          nan
  idx_tok   mass0.05   386.07   59517   59517   59518         1.12
  idx_tok   mass0.01   421.14   59517   59517   59518         1.03
  idx_pool  max        197.72   26696   53699   59401          nan
  idx_pool  mass0.05   371.47   59517   59517   59518         1.14
  idx_pool  mass0.01   406.52   59517   59517   59518         1.04
== cal_tp1_n79_slot4_lid35_seq64108.pt T=64108 A=59518 n=8 idx-qpos offset=[-1, 1] archived mass p50/p90=0.829/0.942 need p90/max=119/330
  proxy     crit           zp  fire50  fire90 firemax fired/oracle
  sketch    max          4.66     476    3734   10643          nan
  sketch    mass0.05    12.18   46292   53586   58843         2.22
  sketch    mass0.01    13.96   56579   58876   59490         1.46
  idx_tok   max        106.95     924    3517    8479          nan
  idx_tok   mass0.05   204.09   35782   47023   51693         1.73
  idx_tok   mass0.01   230.79   51654   57108   57280         1.31
  idx_pool  max        102.61    1538    7241   18204          nan
  idx_pool  mass0.05   188.03   35897   44607   55232         1.74
  idx_pool  mass0.01   215.04   51102   55620   58790         1.32
== cal_tp1_n7_slot4_lid15_seq65069.pt T=65069 A=59518 n=8 idx-qpos offset=[-65048, -1] archived mass p50/p90=0.686/0.867 need p90/max=10/24
  proxy     crit           zp  fire50  fire90 firemax fired/oracle
  sketch    max          4.38      62    1322    4155          nan
  sketch    mass0.05    12.20   55478   58655   59517         1.15
  sketch    mass0.01    13.33   58926   59409   59517         1.05
  idx_tok   max        140.21     105    9536   31244          nan
  idx_tok   mass0.05   337.17   59517   59517   59517         1.20
  idx_tok   mass0.01   360.41   59517   59517   59517         1.06
  idx_pool  max        140.26     136    5411   17186          nan
  idx_pool  mass0.05   329.19   59517   59517   59517         1.20
  idx_pool  mass0.01   348.20   59517   59517   59517         1.06
== cal_tp1_n80_slot4_lid7_seq64108.pt T=64108 A=59518 n=8 idx-qpos offset=[-1, 1] archived mass p50/p90=0.827/0.873 need p90/max=25/47
  proxy     crit           zp  fire50  fire90 firemax fired/oracle
  sketch    max          4.67     389    1442    1617          nan
  sketch    mass0.05    26.94   59460   59516   59517         1.23
  sketch    mass0.01    31.39   59517   59517   59518         1.06
  idx_tok   max        200.09   18328   44178   58613          nan
  idx_tok   mass0.05   269.42   57556   59500   59517         1.17
  idx_tok   mass0.01   289.03   59165   59516   59517         1.05
  idx_pool  max        272.44   51636   58979   59517          nan
  idx_pool  mass0.05   311.56   59222   59517   59517         1.20
  idx_pool  mass0.01   332.85   59503   59517   59518         1.06
== cal_tp1_n81_slot4_lid39_seq64108.pt T=64108 A=59518 n=8 idx-qpos offset=[-1, 1] archived mass p50/p90=0.558/0.810 need p90/max=5/5
  proxy     crit           zp  fire50  fire90 firemax fired/oracle
  sketch    max          0.93       8      17      21          nan
  sketch    mass0.05    11.60   48950   54248   58813         1.38
  sketch    mass0.01    12.75   56616   58304   59491         1.13
  idx_tok   max         95.69      26      85      91          nan
  idx_tok   mass0.05   288.91   40764   54144   55289         1.27
  idx_tok   mass0.01   320.22   53284   58627   59059         1.10
  idx_pool  max        115.88     156     445     852          nan
  idx_pool  mass0.05   281.43   45028   54133   57894         1.37
  idx_pool  mass0.01   312.67   55479   59021   59454         1.14
== cal_tp1_n82_slot4_lid11_seq64108.pt T=64108 A=59518 n=8 idx-qpos offset=[-1, 1] archived mass p50/p90=0.802/0.874 need p90/max=6/9
  proxy     crit           zp  fire50  fire90 firemax fired/oracle
  sketch    max          1.32       5      10      14          nan
  sketch    mass0.05    14.43   58723   59459   59514         1.13
  sketch    mass0.01    15.31   59396   59514   59517         1.03
  idx_tok   max        157.83     184    1785    3154          nan
  idx_tok   mass0.05   330.61   59517   59517   59518         1.14
  idx_tok   mass0.01   346.06   59517   59517   59518         1.04
  idx_pool  max        210.24    4797   11990   12199          nan
  idx_pool  mass0.05   323.22   59517   59517   59518         1.14
  idx_pool  mass0.01   337.14   59517   59517   59518         1.03
== cal_tp1_n83_slot4_lid43_seq64108.pt T=64108 A=59518 n=8 idx-qpos offset=[-1, 1] archived mass p50/p90=0.700/0.856 need p90/max=4/8
  proxy     crit           zp  fire50  fire90 firemax fired/oracle
  sketch    max          3.44      55      98     122          nan
  sketch    mass0.05     9.35   58707   59434   59476         1.27
  sketch    mass0.01    10.03   59410   59512   59513         1.08
  idx_tok   max        102.01      44     103     109          nan
  idx_tok   mass0.05   287.26   59458   59513   59516         1.27
  idx_tok   mass0.01   308.05   59517   59517   59517         1.07
  idx_pool  max         98.85      98     146     157          nan
  idx_pool  mass0.05   249.39   59088   59356   59509         1.26
  idx_pool  mass0.01   269.17   59509   59514   59517         1.07
== cal_tp1_n84_slot4_lid15_seq64108.pt T=64108 A=59518 n=8 idx-qpos offset=[-1, 1] archived mass p50/p90=0.775/0.895 need p90/max=24/29
  proxy     crit           zp  fire50  fire90 firemax fired/oracle
  sketch    max          3.14     212     425     584          nan
  sketch    mass0.05    11.22   59434   59492   59516         1.19
  sketch    mass0.01    11.97   59498   59515   59518         1.05
  idx_tok   max        137.08     260    1698    4367          nan
  idx_tok   mass0.05   314.31   59516   59517   59518         1.20
  idx_tok   mass0.01   329.58   59517   59517   59518         1.05
  idx_pool  max        191.46    5792   29103   43456          nan
  idx_pool  mass0.05   361.02   59517   59517   59518         1.20
  idx_pool  mass0.01   374.05   59517   59517   59518         1.05
== cal_tp1_n85_slot4_lid19_seq64108.pt T=64108 A=59518 n=8 idx-qpos offset=[-1, 1] archived mass p50/p90=0.800/0.901 need p90/max=83/99
  proxy     crit           zp  fire50  fire90 firemax fired/oracle
  sketch    max          3.26    3084    4875    6004          nan
  sketch    mass0.05     9.58   58750   59229   59324         1.45
  sketch    mass0.01    12.37   59459   59487   59495         1.15
  idx_tok   max        182.07   21488   33483   35506          nan
  idx_tok   mass0.05   267.65   59516   59517   59518         1.44
  idx_tok   mass0.01   282.45   59517   59517   59518         1.14
  idx_pool  max        174.25   28728   47996   50026          nan
  idx_pool  mass0.05   252.85   59517   59517   59518         1.45
  idx_pool  mass0.01   266.86   59517   59517   59518         1.14
== cal_tp1_n86_slot4_lid23_seq64108.pt T=64108 A=59518 n=8 idx-qpos offset=[-1, 1] archived mass p50/p90=0.756/0.904 need p90/max=107/160
  proxy     crit           zp  fire50  fire90 firemax fired/oracle
  sketch    max          4.21     632    1667    3267          nan
  sketch    mass0.05    10.48   48104   57179   57836         1.43
  sketch    mass0.01    11.96   56940   59450   59465         1.17
  idx_tok   max         85.22     852    1956    3525          nan
  idx_tok   mass0.05   195.81   54306   58663   59518         1.50
  idx_tok   mass0.01   215.57   59220   59505   59518         1.18
  idx_pool  max         90.62    2387    9159   12000          nan
  idx_pool  mass0.05   176.60   52552   58791   59518         1.47
  idx_pool  mass0.01   196.63   59123   59517   59518         1.18
== cal_tp1_n87_slot4_lid27_seq64108.pt T=64108 A=59518 n=8 idx-qpos offset=[-1, 1] archived mass p50/p90=0.765/0.929 need p90/max=70/115
  proxy     crit           zp  fire50  fire90 firemax fired/oracle
  sketch    max          2.47     246     791    1492          nan
  sketch    mass0.05    12.61   59399   59517   59517         1.45
  sketch    mass0.01    13.86   59506   59517   59518         1.14
  idx_tok   max        106.51     322    1535    2076          nan
  idx_tok   mass0.05   269.00   58774   59512   59518         1.42
  idx_tok   mass0.01   287.76   59467   59517   59518         1.14
  idx_pool  max        104.55     753    3472    5185          nan
  idx_pool  mass0.05   257.46   59259   59517   59518         1.40
  idx_pool  mass0.01   276.24   59507   59517   59518         1.13
== cal_tp1_n88_slot4_lid31_seq64108.pt T=64108 A=59518 n=8 idx-qpos offset=[-1, 1] archived mass p50/p90=0.764/0.923 need p90/max=32/45
  proxy     crit           zp  fire50  fire90 firemax fired/oracle
  sketch    max          3.46      68     198     395          nan
  sketch    mass0.05    12.93   51304   59136   59376         1.28
  sketch    mass0.01    14.22   57888   59495   59514         1.10
  idx_tok   max        114.02     303    1541    2938          nan
  idx_tok   mass0.05   237.93   57918   59390   59428         1.35
  idx_tok   mass0.01   257.30   59413   59517   59518         1.12
  idx_pool  max        108.61     376     796    1477          nan
  idx_pool  mass0.05   214.95   52737   56219   58022         1.29
  idx_pool  mass0.01   232.89   58432   59259   59402         1.10
== cal_tp1_n89_slot4_lid3_seq7966.pt T=7966 A=3968 n=8 idx-qpos offset=[-1, 56205] archived mass p50/p90=0.380/0.490 need p90/max=6/7
  proxy     crit           zp  fire50  fire90 firemax fired/oracle
  sketch    max          1.31      20     103     249          nan
  sketch    mass0.05    15.72    3966    3967    3968         1.21
  sketch    mass0.01    17.77    3967    3967    3968         1.04
  idx_tok   max        122.32     117     765    1475          nan
  idx_tok   mass0.05   316.54    3967    3967    3968         1.23
  idx_tok   mass0.01   324.85    3967    3967    3968         1.05
  idx_pool  max        100.57      87     288     601          nan
  idx_pool  mass0.05   255.37    3967    3967    3968         1.23
  idx_pool  mass0.01   261.51    3967    3967    3968         1.05
== cal_tp1_n8_slot4_lid19_seq65069.pt T=65069 A=59518 n=8 idx-qpos offset=[-65048, -1] archived mass p50/p90=0.449/0.840 need p90/max=22/69
  proxy     crit           zp  fire50  fire90 firemax fired/oracle
  sketch    max          5.61    1626    9251   23324          nan
  sketch    mass0.05    14.22   59282   59477   59514         1.49
  sketch    mass0.01    16.33   59487   59514   59517         1.15
  idx_tok   max         85.05      14     628    2019          nan
  idx_tok   mass0.05   264.88   59382   59508   59517         1.44
  idx_tok   mass0.01   282.02   59512   59517   59517         1.14
  idx_pool  max         91.32     238    1484    4170          nan
  idx_pool  mass0.05   236.67   58994   59495   59517         1.40
  idx_pool  mass0.01   253.85   59494   59517   59517         1.13
== cal_tp1_n90_slot4_lid35_seq7966.pt T=7966 A=3966 n=8 idx-qpos offset=[-1, 56205] archived mass p50/p90=0.468/0.649 need p90/max=15/20
  proxy     crit           zp  fire50  fire90 firemax fired/oracle
  sketch    max          0.51       4      81      83          nan
  sketch    mass0.05     9.98    3873    3936    3959         1.79
  sketch    mass0.01    12.11    3960    3965    3965         1.27
  idx_tok   max         58.56      44      66      68          nan
  idx_tok   mass0.05   159.27    3278    3931    3949         1.57
  idx_tok   mass0.01   190.92    3948    3965    3965         1.23
  idx_pool  max        113.24    1266    2472    2555          nan
  idx_pool  mass0.05   144.30    3142    3908    3942         1.58
  idx_pool  mass0.01   168.50    3916    3965    3965         1.23
== cal_tp1_n91_slot4_lid7_seq7966.pt T=7966 A=3967 n=8 idx-qpos offset=[-1, 56205] archived mass p50/p90=0.359/0.516 need p90/max=12/14
  proxy     crit           zp  fire50  fire90 firemax fired/oracle
  sketch    max          2.39      17      71      93          nan
  sketch    mass0.05    28.76    3966    3966    3967         1.26
  sketch    mass0.01    32.37    3966    3966    3967         1.06
  idx_tok   max        171.24     212     766     995          nan
  idx_tok   mass0.05   396.67    3966    3966    3967         1.28
  idx_tok   mass0.01   424.73    3966    3966    3967         1.06
  idx_pool  max        247.78    1808    3885    3958          nan
  idx_pool  mass0.05   439.30    3966    3966    3967         1.28
  idx_pool  mass0.01   450.57    3966    3966    3967         1.06
== cal_tp1_n92_slot4_lid39_seq7966.pt T=7966 A=3967 n=8 idx-qpos offset=[-1, 56205] archived mass p50/p90=0.183/0.390 need p90/max=3/9
  proxy     crit           zp  fire50  fire90 firemax fired/oracle
  sketch    max          1.52       0     120     306          nan
  sketch    mass0.05     9.60    3327    3915    3927         2.28
  sketch    mass0.01    12.50    3961    3965    3966         1.40
  idx_tok   max        123.20      90     114     117          nan
  idx_tok   mass0.05   235.73    3350    3958    3966         2.31
  idx_tok   mass0.01   264.39    3934    3966    3966         1.36
  idx_pool  max        144.69     333     464     598          nan
  idx_pool  mass0.05   236.80    3788    3963    3966         2.48
  idx_pool  mass0.01   260.54    3966    3966    3966         1.38
== cal_tp1_n93_slot4_lid11_seq7966.pt T=7966 A=3966 n=8 idx-qpos offset=[-1, 56205] archived mass p50/p90=0.425/0.640 need p90/max=13/22
  proxy     crit           zp  fire50  fire90 firemax fired/oracle
  sketch    max          1.33      16      47      77          nan
  sketch    mass0.05    12.77    3876    3963    3964         1.25
  sketch    mass0.01    13.81    3950    3965    3966         1.05
  idx_tok   max        123.65     163     214     239          nan
  idx_tok   mass0.05   235.57    3944    3965    3966         1.28
  idx_tok   mass0.01   248.92    3964    3965    3966         1.06
  idx_pool  max        155.53     206     319     365          nan
  idx_pool  mass0.05   264.86    3965    3965    3966         1.29
  idx_pool  mass0.01   274.64    3965    3965    3966         1.06
== cal_tp1_n94_slot4_lid43_seq7966.pt T=7966 A=3966 n=8 idx-qpos offset=[-1, 56205] archived mass p50/p90=0.352/0.529 need p90/max=7/10
  proxy     crit           zp  fire50  fire90 firemax fired/oracle
  sketch    max          2.67      29      95     149          nan
  sketch    mass0.05     8.76    3714    3897    3957         1.52
  sketch    mass0.01     9.79    3960    3965    3965         1.15
  idx_tok   max        142.73     378     825     894          nan
  idx_tok   mass0.05   218.28    3638    3900    3904         1.50
  idx_tok   mass0.01   228.24    3905    3964    3965         1.14
  idx_pool  max        130.55     518     808    1011          nan
  idx_pool  mass0.05   208.04    3965    3965    3965         1.60
  idx_pool  mass0.01   215.26    3965    3965    3965         1.15
== cal_tp1_n95_slot4_lid15_seq7966.pt T=7966 A=3966 n=8 idx-qpos offset=[-1, 56205] archived mass p50/p90=0.340/0.664 need p90/max=12/21
  proxy     crit           zp  fire50  fire90 firemax fired/oracle
  sketch    max          1.77      10      60     126          nan
  sketch    mass0.05    10.98    3700    3908    3943         1.27
  sketch    mass0.01    12.08    3926    3963    3966         1.07
  idx_tok   max        120.80     174     341     436          nan
  idx_tok   mass0.05   273.04    3965    3965    3966         1.39
  idx_tok   mass0.01   286.76    3965    3965    3966         1.09
  idx_pool  max        151.12     322     537     584          nan
  idx_pool  mass0.05   269.61    3965    3965    3966         1.38
  idx_pool  mass0.01   284.43    3965    3965    3966         1.09
== cal_tp1_n96_slot4_lid19_seq7966.pt T=7966 A=3967 n=8 idx-qpos offset=[-1, 56205] archived mass p50/p90=0.491/0.711 need p90/max=55/76
  proxy     crit           zp  fire50  fire90 firemax fired/oracle
  sketch    max          3.12     140     994    1579          nan
  sketch    mass0.05     8.68    3564    3965    3965         1.59
  sketch    mass0.01    10.28    3926    3966    3967         1.20
  idx_tok   max         99.02     134     806    1759          nan
  idx_tok   mass0.05   200.30    3444    3966    3967         1.54
  idx_tok   mass0.01   218.42    3920    3966    3967         1.20
  idx_pool  max        122.09     860    2357    3910          nan
  idx_pool  mass0.05   183.51    3668    3964    3966         1.63
  idx_pool  mass0.01   197.55    3920    3966    3967         1.19
== cal_tp1_n97_slot4_lid23_seq7966.pt T=7966 A=3966 n=8 idx-qpos offset=[-1, 56205] archived mass p50/p90=0.399/0.597 need p90/max=11/12
  proxy     crit           zp  fire50  fire90 firemax fired/oracle
  sketch    max          3.24     211     407     665          nan
  sketch    mass0.05     9.90    3921    3958    3962         1.70
  sketch    mass0.01    11.89    3962    3965    3965         1.20
  idx_tok   max         66.93     126     477     966          nan
  idx_tok   mass0.05   171.71    3934    3965    3966         1.73
  idx_tok   mass0.01   185.50    3965    3965    3966         1.20
  idx_pool  max         66.70     242     884    1551          nan
  idx_pool  mass0.05   147.45    3565    3965    3966         1.60
  idx_pool  mass0.01   161.71    3867    3965    3966         1.16
== cal_tp1_n98_slot4_lid27_seq7966.pt T=7966 A=3966 n=8 idx-qpos offset=[-1, 56205] archived mass p50/p90=0.329/0.604 need p90/max=13/37
  proxy     crit           zp  fire50  fire90 firemax fired/oracle
  sketch    max          1.57       8      80     187          nan
  sketch    mass0.05    10.92    3872    3964    3965         1.58
  sketch    mass0.01    13.14    3964    3965    3965         1.16
  idx_tok   max        104.97     164    1134    2279          nan
  idx_tok   mass0.05   236.82    3965    3965    3965         1.69
  idx_tok   mass0.01   251.23    3965    3965    3965         1.18
  idx_pool  max        150.35    2495    3962    3965          nan
  idx_pool  mass0.05   223.04    3965    3965    3965         1.68
  idx_pool  mass0.01   238.89    3965    3965    3965         1.18
== cal_tp1_n99_slot4_lid31_seq7966.pt T=7966 A=3967 n=8 idx-qpos offset=[-1, 56205] archived mass p50/p90=0.325/0.585 need p90/max=5/14
  proxy     crit           zp  fire50  fire90 firemax fired/oracle
  sketch    max          0.02       0      13      41          nan
  sketch    mass0.05    11.68    3665    3930    3966         1.48
  sketch    mass0.01    13.23    3955    3966    3966         1.15
  idx_tok   max         85.39      77     126     138          nan
  idx_tok   mass0.05   194.53    3868    3965    3966         1.55
  idx_tok   mass0.01   218.05    3964    3966    3966         1.15
  idx_pool  max        136.31    1485    2523    3384          nan
  idx_pool  mass0.05   173.72    3752    3938    3966         1.44
  idx_pool  mass0.01   195.25    3958    3966    3966         1.14
== cal_tp1_n9_slot4_lid23_seq65069.pt T=65069 A=59518 n=8 idx-qpos offset=[-65048, -1] archived mass p50/p90=0.306/0.754 need p90/max=13/31
  proxy     crit           zp  fire50  fire90 firemax fired/oracle
  sketch    max          2.48      18     438    1381          nan
  sketch    mass0.05    11.53   52244   57444   59507         1.38
  sketch    mass0.01    13.06   58242   59277   59517         1.13
  idx_tok   max         96.49      48    1752    5410          nan
  idx_tok   mass0.05   241.72   59368   59511   59517         1.53
  idx_tok   mass0.01   256.59   59510   59517   59517         1.16
  idx_pool  max        112.55     578    3978   10468          nan
  idx_pool  mass0.05   217.54   58181   59472   59517         1.46
  idx_pool  mass0.01   230.03   59442   59514   59517         1.14
== mean over snapshots
  proxy     crit       fire50  fire90 firemax fired/oracle  n
  sketch    max           297     995    1661         0.00  286
  sketch    mass0.05    36138   37374   37699         1.40  286
  sketch    mass0.01    37529   37786   37830         1.12  286
  idx_tok   max          4682    8051   10330         0.00  286
  idx_tok   mass0.05    36751   37600   37724         1.40  286
  idx_tok   mass0.01    37637   37814   37830         1.12  286
  idx_pool  max          6560   11749   14980         0.00  286
  idx_pool  mass0.05    36969   37645   37778         1.42  286
  idx_pool  mass0.01    37682   37820   37841         1.12  286
